<?xml version="1.0" encoding="UTF-8"?>

<instance>
<presentation name="?" maxConstraintArity="2" format="XCSP 2.0"/>

<domains nbDomains="1">
<domain name="D0" nbValues="3">0..2</domain>
</domains>

<variables nbVariables="100">
<variable name="V0" domain="D0"/>
<variable name="V1" domain="D0"/>
<variable name="V2" domain="D0"/>
<variable name="V3" domain="D0"/>
<variable name="V4" domain="D0"/>
<variable name="V5" domain="D0"/>
<variable name="V6" domain="D0"/>
<variable name="V7" domain="D0"/>
<variable name="V8" domain="D0"/>
<variable name="V9" domain="D0"/>
<variable name="V10" domain="D0"/>
<variable name="V11" domain="D0"/>
<variable name="V12" domain="D0"/>
<variable name="V13" domain="D0"/>
<variable name="V14" domain="D0"/>
<variable name="V15" domain="D0"/>
<variable name="V16" domain="D0"/>
<variable name="V17" domain="D0"/>
<variable name="V18" domain="D0"/>
<variable name="V19" domain="D0"/>
<variable name="V20" domain="D0"/>
<variable name="V21" domain="D0"/>
<variable name="V22" domain="D0"/>
<variable name="V23" domain="D0"/>
<variable name="V24" domain="D0"/>
<variable name="V25" domain="D0"/>
<variable name="V26" domain="D0"/>
<variable name="V27" domain="D0"/>
<variable name="V28" domain="D0"/>
<variable name="V29" domain="D0"/>
<variable name="V30" domain="D0"/>
<variable name="V31" domain="D0"/>
<variable name="V32" domain="D0"/>
<variable name="V33" domain="D0"/>
<variable name="V34" domain="D0"/>
<variable name="V35" domain="D0"/>
<variable name="V36" domain="D0"/>
<variable name="V37" domain="D0"/>
<variable name="V38" domain="D0"/>
<variable name="V39" domain="D0"/>
<variable name="V40" domain="D0"/>
<variable name="V41" domain="D0"/>
<variable name="V42" domain="D0"/>
<variable name="V43" domain="D0"/>
<variable name="V44" domain="D0"/>
<variable name="V45" domain="D0"/>
<variable name="V46" domain="D0"/>
<variable name="V47" domain="D0"/>
<variable name="V48" domain="D0"/>
<variable name="V49" domain="D0"/>
<variable name="V50" domain="D0"/>
<variable name="V51" domain="D0"/>
<variable name="V52" domain="D0"/>
<variable name="V53" domain="D0"/>
<variable name="V54" domain="D0"/>
<variable name="V55" domain="D0"/>
<variable name="V56" domain="D0"/>
<variable name="V57" domain="D0"/>
<variable name="V58" domain="D0"/>
<variable name="V59" domain="D0"/>
<variable name="V60" domain="D0"/>
<variable name="V61" domain="D0"/>
<variable name="V62" domain="D0"/>
<variable name="V63" domain="D0"/>
<variable name="V64" domain="D0"/>
<variable name="V65" domain="D0"/>
<variable name="V66" domain="D0"/>
<variable name="V67" domain="D0"/>
<variable name="V68" domain="D0"/>
<variable name="V69" domain="D0"/>
<variable name="V70" domain="D0"/>
<variable name="V71" domain="D0"/>
<variable name="V72" domain="D0"/>
<variable name="V73" domain="D0"/>
<variable name="V74" domain="D0"/>
<variable name="V75" domain="D0"/>
<variable name="V76" domain="D0"/>
<variable name="V77" domain="D0"/>
<variable name="V78" domain="D0"/>
<variable name="V79" domain="D0"/>
<variable name="V80" domain="D0"/>
<variable name="V81" domain="D0"/>
<variable name="V82" domain="D0"/>
<variable name="V83" domain="D0"/>
<variable name="V84" domain="D0"/>
<variable name="V85" domain="D0"/>
<variable name="V86" domain="D0"/>
<variable name="V87" domain="D0"/>
<variable name="V88" domain="D0"/>
<variable name="V89" domain="D0"/>
<variable name="V90" domain="D0"/>
<variable name="V91" domain="D0"/>
<variable name="V92" domain="D0"/>
<variable name="V93" domain="D0"/>
<variable name="V94" domain="D0"/>
<variable name="V95" domain="D0"/>
<variable name="V96" domain="D0"/>
<variable name="V97" domain="D0"/>
<variable name="V98" domain="D0"/>
<variable name="V99" domain="D0"/>
</variables>

<predicates nbPredicates="1">
<predicate name="P0">
  <parameters>int X0 int X1</parameters>
  <expression> 
    <functional>ne(X0,X1)</functional>
  </expression>
</predicate>
</predicates>

<constraints nbConstraints="166">
<constraint name="C0" arity="2" scope="V0 V2" reference="P0">
  <parameters>V0 V2</parameters>
</constraint>
<constraint name="C1" arity="2" scope="V0 V3" reference="P0">
  <parameters>V0 V3</parameters>
</constraint>
<constraint name="C2" arity="2" scope="V0 V8" reference="P0">
  <parameters>V0 V8</parameters>
</constraint>
<constraint name="C3" arity="2" scope="V0 V22" reference="P0">
  <parameters>V0 V22</parameters>
</constraint>
<constraint name="C4" arity="2" scope="V1 V5" reference="P0">
  <parameters>V1 V5</parameters>
</constraint>
<constraint name="C5" arity="2" scope="V1 V7" reference="P0">
  <parameters>V1 V7</parameters>
</constraint>
<constraint name="C6" arity="2" scope="V1 V10" reference="P0">
  <parameters>V1 V10</parameters>
</constraint>
<constraint name="C7" arity="2" scope="V1 V31" reference="P0">
  <parameters>V1 V31</parameters>
</constraint>
<constraint name="C8" arity="2" scope="V2 V3" reference="P0">
  <parameters>V2 V3</parameters>
</constraint>
<constraint name="C9" arity="2" scope="V2 V4" reference="P0">
  <parameters>V2 V4</parameters>
</constraint>
<constraint name="C10" arity="2" scope="V3 V20" reference="P0">
  <parameters>V3 V20</parameters>
</constraint>
<constraint name="C11" arity="2" scope="V3 V21" reference="P0">
  <parameters>V3 V21</parameters>
</constraint>
<constraint name="C12" arity="2" scope="V4 V6" reference="P0">
  <parameters>V4 V6</parameters>
</constraint>
<constraint name="C13" arity="2" scope="V4 V44" reference="P0">
  <parameters>V4 V44</parameters>
</constraint>
<constraint name="C14" arity="2" scope="V4 V45" reference="P0">
  <parameters>V4 V45</parameters>
</constraint>
<constraint name="C15" arity="2" scope="V5 V17" reference="P0">
  <parameters>V5 V17</parameters>
</constraint>
<constraint name="C16" arity="2" scope="V5 V18" reference="P0">
  <parameters>V5 V18</parameters>
</constraint>
<constraint name="C17" arity="2" scope="V5 V43" reference="P0">
  <parameters>V5 V43</parameters>
</constraint>
<constraint name="C18" arity="2" scope="V6 V11" reference="P0">
  <parameters>V6 V11</parameters>
</constraint>
<constraint name="C19" arity="2" scope="V6 V12" reference="P0">
  <parameters>V6 V12</parameters>
</constraint>
<constraint name="C20" arity="2" scope="V6 V16" reference="P0">
  <parameters>V6 V16</parameters>
</constraint>
<constraint name="C21" arity="2" scope="V7 V8" reference="P0">
  <parameters>V7 V8</parameters>
</constraint>
<constraint name="C22" arity="2" scope="V7 V9" reference="P0">
  <parameters>V7 V9</parameters>
</constraint>
<constraint name="C23" arity="2" scope="V8 V9" reference="P0">
  <parameters>V8 V9</parameters>
</constraint>
<constraint name="C24" arity="2" scope="V9 V23" reference="P0">
  <parameters>V9 V23</parameters>
</constraint>
<constraint name="C25" arity="2" scope="V9 V24" reference="P0">
  <parameters>V9 V24</parameters>
</constraint>
<constraint name="C26" arity="2" scope="V10 V14" reference="P0">
  <parameters>V10 V14</parameters>
</constraint>
<constraint name="C27" arity="2" scope="V10 V40" reference="P0">
  <parameters>V10 V40</parameters>
</constraint>
<constraint name="C28" arity="2" scope="V10 V61" reference="P0">
  <parameters>V10 V61</parameters>
</constraint>
<constraint name="C29" arity="2" scope="V11 V12" reference="P0">
  <parameters>V11 V12</parameters>
</constraint>
<constraint name="C30" arity="2" scope="V11 V25" reference="P0">
  <parameters>V11 V25</parameters>
</constraint>
<constraint name="C31" arity="2" scope="V12 V63" reference="P0">
  <parameters>V12 V63</parameters>
</constraint>
<constraint name="C32" arity="2" scope="V12 V64" reference="P0">
  <parameters>V12 V64</parameters>
</constraint>
<constraint name="C33" arity="2" scope="V13 V14" reference="P0">
  <parameters>V13 V14</parameters>
</constraint>
<constraint name="C34" arity="2" scope="V13 V15" reference="P0">
  <parameters>V13 V15</parameters>
</constraint>
<constraint name="C35" arity="2" scope="V13 V52" reference="P0">
  <parameters>V13 V52</parameters>
</constraint>
<constraint name="C36" arity="2" scope="V13 V58" reference="P0">
  <parameters>V13 V58</parameters>
</constraint>
<constraint name="C37" arity="2" scope="V14 V15" reference="P0">
  <parameters>V14 V15</parameters>
</constraint>
<constraint name="C38" arity="2" scope="V15 V42" reference="P0">
  <parameters>V15 V42</parameters>
</constraint>
<constraint name="C39" arity="2" scope="V15 V46" reference="P0">
  <parameters>V15 V46</parameters>
</constraint>
<constraint name="C40" arity="2" scope="V16 V18" reference="P0">
  <parameters>V16 V18</parameters>
</constraint>
<constraint name="C41" arity="2" scope="V16 V29" reference="P0">
  <parameters>V16 V29</parameters>
</constraint>
<constraint name="C42" arity="2" scope="V16 V30" reference="P0">
  <parameters>V16 V30</parameters>
</constraint>
<constraint name="C43" arity="2" scope="V17 V28" reference="P0">
  <parameters>V17 V28</parameters>
</constraint>
<constraint name="C44" arity="2" scope="V17 V49" reference="P0">
  <parameters>V17 V49</parameters>
</constraint>
<constraint name="C45" arity="2" scope="V18 V50" reference="P0">
  <parameters>V18 V50</parameters>
</constraint>
<constraint name="C46" arity="2" scope="V18 V51" reference="P0">
  <parameters>V18 V51</parameters>
</constraint>
<constraint name="C47" arity="2" scope="V19 V20" reference="P0">
  <parameters>V19 V20</parameters>
</constraint>
<constraint name="C48" arity="2" scope="V19 V21" reference="P0">
  <parameters>V19 V21</parameters>
</constraint>
<constraint name="C49" arity="2" scope="V19 V32" reference="P0">
  <parameters>V19 V32</parameters>
</constraint>
<constraint name="C50" arity="2" scope="V19 V33" reference="P0">
  <parameters>V19 V33</parameters>
</constraint>
<constraint name="C51" arity="2" scope="V20 V21" reference="P0">
  <parameters>V20 V21</parameters>
</constraint>
<constraint name="C52" arity="2" scope="V22 V23" reference="P0">
  <parameters>V22 V23</parameters>
</constraint>
<constraint name="C53" arity="2" scope="V22 V24" reference="P0">
  <parameters>V22 V24</parameters>
</constraint>
<constraint name="C54" arity="2" scope="V23 V24" reference="P0">
  <parameters>V23 V24</parameters>
</constraint>
<constraint name="C55" arity="2" scope="V25 V26" reference="P0">
  <parameters>V25 V26</parameters>
</constraint>
<constraint name="C56" arity="2" scope="V25 V27" reference="P0">
  <parameters>V25 V27</parameters>
</constraint>
<constraint name="C57" arity="2" scope="V26 V27" reference="P0">
  <parameters>V26 V27</parameters>
</constraint>
<constraint name="C58" arity="2" scope="V26 V53" reference="P0">
  <parameters>V26 V53</parameters>
</constraint>
<constraint name="C59" arity="2" scope="V26 V54" reference="P0">
  <parameters>V26 V54</parameters>
</constraint>
<constraint name="C60" arity="2" scope="V27 V35" reference="P0">
  <parameters>V27 V35</parameters>
</constraint>
<constraint name="C61" arity="2" scope="V27 V36" reference="P0">
  <parameters>V27 V36</parameters>
</constraint>
<constraint name="C62" arity="2" scope="V28 V29" reference="P0">
  <parameters>V28 V29</parameters>
</constraint>
<constraint name="C63" arity="2" scope="V28 V30" reference="P0">
  <parameters>V28 V30</parameters>
</constraint>
<constraint name="C64" arity="2" scope="V29 V30" reference="P0">
  <parameters>V29 V30</parameters>
</constraint>
<constraint name="C65" arity="2" scope="V31 V32" reference="P0">
  <parameters>V31 V32</parameters>
</constraint>
<constraint name="C66" arity="2" scope="V31 V33" reference="P0">
  <parameters>V31 V33</parameters>
</constraint>
<constraint name="C67" arity="2" scope="V32 V33" reference="P0">
  <parameters>V32 V33</parameters>
</constraint>
<constraint name="C68" arity="2" scope="V34 V35" reference="P0">
  <parameters>V34 V35</parameters>
</constraint>
<constraint name="C69" arity="2" scope="V34 V36" reference="P0">
  <parameters>V34 V36</parameters>
</constraint>
<constraint name="C70" arity="2" scope="V34 V59" reference="P0">
  <parameters>V34 V59</parameters>
</constraint>
<constraint name="C71" arity="2" scope="V34 V60" reference="P0">
  <parameters>V34 V60</parameters>
</constraint>
<constraint name="C72" arity="2" scope="V35 V70" reference="P0">
  <parameters>V35 V70</parameters>
</constraint>
<constraint name="C73" arity="2" scope="V36 V38" reference="P0">
  <parameters>V36 V38</parameters>
</constraint>
<constraint name="C74" arity="2" scope="V36 V39" reference="P0">
  <parameters>V36 V39</parameters>
</constraint>
<constraint name="C75" arity="2" scope="V37 V38" reference="P0">
  <parameters>V37 V38</parameters>
</constraint>
<constraint name="C76" arity="2" scope="V37 V39" reference="P0">
  <parameters>V37 V39</parameters>
</constraint>
<constraint name="C77" arity="2" scope="V37 V72" reference="P0">
  <parameters>V37 V72</parameters>
</constraint>
<constraint name="C78" arity="2" scope="V37 V94" reference="P0">
  <parameters>V37 V94</parameters>
</constraint>
<constraint name="C79" arity="2" scope="V38 V39" reference="P0">
  <parameters>V38 V39</parameters>
</constraint>
<constraint name="C80" arity="2" scope="V40 V41" reference="P0">
  <parameters>V40 V41</parameters>
</constraint>
<constraint name="C81" arity="2" scope="V40 V77" reference="P0">
  <parameters>V40 V77</parameters>
</constraint>
<constraint name="C82" arity="2" scope="V40 V82" reference="P0">
  <parameters>V40 V82</parameters>
</constraint>
<constraint name="C83" arity="2" scope="V41 V42" reference="P0">
  <parameters>V41 V42</parameters>
</constraint>
<constraint name="C84" arity="2" scope="V41 V47" reference="P0">
  <parameters>V41 V47</parameters>
</constraint>
<constraint name="C85" arity="2" scope="V41 V48" reference="P0">
  <parameters>V41 V48</parameters>
</constraint>
<constraint name="C86" arity="2" scope="V42 V76" reference="P0">
  <parameters>V42 V76</parameters>
</constraint>
<constraint name="C87" arity="2" scope="V43 V45" reference="P0">
  <parameters>V43 V45</parameters>
</constraint>
<constraint name="C88" arity="2" scope="V43 V86" reference="P0">
  <parameters>V43 V86</parameters>
</constraint>
<constraint name="C89" arity="2" scope="V43 V87" reference="P0">
  <parameters>V43 V87</parameters>
</constraint>
<constraint name="C90" arity="2" scope="V44 V45" reference="P0">
  <parameters>V44 V45</parameters>
</constraint>
<constraint name="C91" arity="2" scope="V44 V85" reference="P0">
  <parameters>V44 V85</parameters>
</constraint>
<constraint name="C92" arity="2" scope="V46 V47" reference="P0">
  <parameters>V46 V47</parameters>
</constraint>
<constraint name="C93" arity="2" scope="V46 V56" reference="P0">
  <parameters>V46 V56</parameters>
</constraint>
<constraint name="C94" arity="2" scope="V46 V57" reference="P0">
  <parameters>V46 V57</parameters>
</constraint>
<constraint name="C95" arity="2" scope="V47 V48" reference="P0">
  <parameters>V47 V48</parameters>
</constraint>
<constraint name="C96" arity="2" scope="V48 V98" reference="P0">
  <parameters>V48 V98</parameters>
</constraint>
<constraint name="C97" arity="2" scope="V48 V99" reference="P0">
  <parameters>V48 V99</parameters>
</constraint>
<constraint name="C98" arity="2" scope="V49 V51" reference="P0">
  <parameters>V49 V51</parameters>
</constraint>
<constraint name="C99" arity="2" scope="V49 V92" reference="P0">
  <parameters>V49 V92</parameters>
</constraint>
<constraint name="C100" arity="2" scope="V49 V93" reference="P0">
  <parameters>V49 V93</parameters>
</constraint>
<constraint name="C101" arity="2" scope="V50 V51" reference="P0">
  <parameters>V50 V51</parameters>
</constraint>
<constraint name="C102" arity="2" scope="V50 V91" reference="P0">
  <parameters>V50 V91</parameters>
</constraint>
<constraint name="C103" arity="2" scope="V52 V53" reference="P0">
  <parameters>V52 V53</parameters>
</constraint>
<constraint name="C104" arity="2" scope="V52 V54" reference="P0">
  <parameters>V52 V54</parameters>
</constraint>
<constraint name="C105" arity="2" scope="V53 V54" reference="P0">
  <parameters>V53 V54</parameters>
</constraint>
<constraint name="C106" arity="2" scope="V55 V57" reference="P0">
  <parameters>V55 V57</parameters>
</constraint>
<constraint name="C107" arity="2" scope="V55 V68" reference="P0">
  <parameters>V55 V68</parameters>
</constraint>
<constraint name="C108" arity="2" scope="V55 V69" reference="P0">
  <parameters>V55 V69</parameters>
</constraint>
<constraint name="C109" arity="2" scope="V55 V97" reference="P0">
  <parameters>V55 V97</parameters>
</constraint>
<constraint name="C110" arity="2" scope="V56 V57" reference="P0">
  <parameters>V56 V57</parameters>
</constraint>
<constraint name="C111" arity="2" scope="V56 V67" reference="P0">
  <parameters>V56 V67</parameters>
</constraint>
<constraint name="C112" arity="2" scope="V58 V59" reference="P0">
  <parameters>V58 V59</parameters>
</constraint>
<constraint name="C113" arity="2" scope="V58 V60" reference="P0">
  <parameters>V58 V60</parameters>
</constraint>
<constraint name="C114" arity="2" scope="V59 V74" reference="P0">
  <parameters>V59 V74</parameters>
</constraint>
<constraint name="C115" arity="2" scope="V59 V75" reference="P0">
  <parameters>V59 V75</parameters>
</constraint>
<constraint name="C116" arity="2" scope="V60 V73" reference="P0">
  <parameters>V60 V73</parameters>
</constraint>
<constraint name="C117" arity="2" scope="V61 V62" reference="P0">
  <parameters>V61 V62</parameters>
</constraint>
<constraint name="C118" arity="2" scope="V61 V63" reference="P0">
  <parameters>V61 V63</parameters>
</constraint>
<constraint name="C119" arity="2" scope="V62 V63" reference="P0">
  <parameters>V62 V63</parameters>
</constraint>
<constraint name="C120" arity="2" scope="V62 V65" reference="P0">
  <parameters>V62 V65</parameters>
</constraint>
<constraint name="C121" arity="2" scope="V62 V66" reference="P0">
  <parameters>V62 V66</parameters>
</constraint>
<constraint name="C122" arity="2" scope="V64 V65" reference="P0">
  <parameters>V64 V65</parameters>
</constraint>
<constraint name="C123" arity="2" scope="V64 V66" reference="P0">
  <parameters>V64 V66</parameters>
</constraint>
<constraint name="C124" arity="2" scope="V65 V66" reference="P0">
  <parameters>V65 V66</parameters>
</constraint>
<constraint name="C125" arity="2" scope="V67 V68" reference="P0">
  <parameters>V67 V68</parameters>
</constraint>
<constraint name="C126" arity="2" scope="V67 V69" reference="P0">
  <parameters>V67 V69</parameters>
</constraint>
<constraint name="C127" arity="2" scope="V68 V69" reference="P0">
  <parameters>V68 V69</parameters>
</constraint>
<constraint name="C128" arity="2" scope="V70 V71" reference="P0">
  <parameters>V70 V71</parameters>
</constraint>
<constraint name="C129" arity="2" scope="V70 V72" reference="P0">
  <parameters>V70 V72</parameters>
</constraint>
<constraint name="C130" arity="2" scope="V71 V72" reference="P0">
  <parameters>V71 V72</parameters>
</constraint>
<constraint name="C131" arity="2" scope="V71 V95" reference="P0">
  <parameters>V71 V95</parameters>
</constraint>
<constraint name="C132" arity="2" scope="V71 V96" reference="P0">
  <parameters>V71 V96</parameters>
</constraint>
<constraint name="C133" arity="2" scope="V73 V74" reference="P0">
  <parameters>V73 V74</parameters>
</constraint>
<constraint name="C134" arity="2" scope="V73 V75" reference="P0">
  <parameters>V73 V75</parameters>
</constraint>
<constraint name="C135" arity="2" scope="V74 V75" reference="P0">
  <parameters>V74 V75</parameters>
</constraint>
<constraint name="C136" arity="2" scope="V76 V77" reference="P0">
  <parameters>V76 V77</parameters>
</constraint>
<constraint name="C137" arity="2" scope="V76 V78" reference="P0">
  <parameters>V76 V78</parameters>
</constraint>
<constraint name="C138" arity="2" scope="V77 V89" reference="P0">
  <parameters>V77 V89</parameters>
</constraint>
<constraint name="C139" arity="2" scope="V77 V90" reference="P0">
  <parameters>V77 V90</parameters>
</constraint>
<constraint name="C140" arity="2" scope="V78 V80" reference="P0">
  <parameters>V78 V80</parameters>
</constraint>
<constraint name="C141" arity="2" scope="V78 V81" reference="P0">
  <parameters>V78 V81</parameters>
</constraint>
<constraint name="C142" arity="2" scope="V78 V88" reference="P0">
  <parameters>V78 V88</parameters>
</constraint>
<constraint name="C143" arity="2" scope="V79 V80" reference="P0">
  <parameters>V79 V80</parameters>
</constraint>
<constraint name="C144" arity="2" scope="V79 V81" reference="P0">
  <parameters>V79 V81</parameters>
</constraint>
<constraint name="C145" arity="2" scope="V79 V83" reference="P0">
  <parameters>V79 V83</parameters>
</constraint>
<constraint name="C146" arity="2" scope="V79 V84" reference="P0">
  <parameters>V79 V84</parameters>
</constraint>
<constraint name="C147" arity="2" scope="V80 V81" reference="P0">
  <parameters>V80 V81</parameters>
</constraint>
<constraint name="C148" arity="2" scope="V82 V83" reference="P0">
  <parameters>V82 V83</parameters>
</constraint>
<constraint name="C149" arity="2" scope="V82 V84" reference="P0">
  <parameters>V82 V84</parameters>
</constraint>
<constraint name="C150" arity="2" scope="V83 V84" reference="P0">
  <parameters>V83 V84</parameters>
</constraint>
<constraint name="C151" arity="2" scope="V85 V86" reference="P0">
  <parameters>V85 V86</parameters>
</constraint>
<constraint name="C152" arity="2" scope="V85 V87" reference="P0">
  <parameters>V85 V87</parameters>
</constraint>
<constraint name="C153" arity="2" scope="V86 V87" reference="P0">
  <parameters>V86 V87</parameters>
</constraint>
<constraint name="C154" arity="2" scope="V88 V89" reference="P0">
  <parameters>V88 V89</parameters>
</constraint>
<constraint name="C155" arity="2" scope="V88 V90" reference="P0">
  <parameters>V88 V90</parameters>
</constraint>
<constraint name="C156" arity="2" scope="V89 V90" reference="P0">
  <parameters>V89 V90</parameters>
</constraint>
<constraint name="C157" arity="2" scope="V91 V92" reference="P0">
  <parameters>V91 V92</parameters>
</constraint>
<constraint name="C158" arity="2" scope="V91 V93" reference="P0">
  <parameters>V91 V93</parameters>
</constraint>
<constraint name="C159" arity="2" scope="V92 V93" reference="P0">
  <parameters>V92 V93</parameters>
</constraint>
<constraint name="C160" arity="2" scope="V94 V95" reference="P0">
  <parameters>V94 V95</parameters>
</constraint>
<constraint name="C161" arity="2" scope="V94 V96" reference="P0">
  <parameters>V94 V96</parameters>
</constraint>
<constraint name="C162" arity="2" scope="V95 V96" reference="P0">
  <parameters>V95 V96</parameters>
</constraint>
<constraint name="C163" arity="2" scope="V97 V98" reference="P0">
  <parameters>V97 V98</parameters>
</constraint>
<constraint name="C164" arity="2" scope="V97 V99" reference="P0">
  <parameters>V97 V99</parameters>
</constraint>
<constraint name="C165" arity="2" scope="V98 V99" reference="P0">
  <parameters>V98 V99</parameters>
</constraint>
</constraints>
</instance>
