<?xml version="1.0" encoding="UTF-8"?>

<instance>
<presentation name="?" maxConstraintArity="2" format="XCSP 2.0"/>

<domains nbDomains="1">
<domain name="D0" nbValues="4">0..3</domain>
</domains>

<variables nbVariables="125">
<variable name="V0" domain="D0"/>
<variable name="V1" domain="D0"/>
<variable name="V2" domain="D0"/>
<variable name="V3" domain="D0"/>
<variable name="V4" domain="D0"/>
<variable name="V5" domain="D0"/>
<variable name="V6" domain="D0"/>
<variable name="V7" domain="D0"/>
<variable name="V8" domain="D0"/>
<variable name="V9" domain="D0"/>
<variable name="V10" domain="D0"/>
<variable name="V11" domain="D0"/>
<variable name="V12" domain="D0"/>
<variable name="V13" domain="D0"/>
<variable name="V14" domain="D0"/>
<variable name="V15" domain="D0"/>
<variable name="V16" domain="D0"/>
<variable name="V17" domain="D0"/>
<variable name="V18" domain="D0"/>
<variable name="V19" domain="D0"/>
<variable name="V20" domain="D0"/>
<variable name="V21" domain="D0"/>
<variable name="V22" domain="D0"/>
<variable name="V23" domain="D0"/>
<variable name="V24" domain="D0"/>
<variable name="V25" domain="D0"/>
<variable name="V26" domain="D0"/>
<variable name="V27" domain="D0"/>
<variable name="V28" domain="D0"/>
<variable name="V29" domain="D0"/>
<variable name="V30" domain="D0"/>
<variable name="V31" domain="D0"/>
<variable name="V32" domain="D0"/>
<variable name="V33" domain="D0"/>
<variable name="V34" domain="D0"/>
<variable name="V35" domain="D0"/>
<variable name="V36" domain="D0"/>
<variable name="V37" domain="D0"/>
<variable name="V38" domain="D0"/>
<variable name="V39" domain="D0"/>
<variable name="V40" domain="D0"/>
<variable name="V41" domain="D0"/>
<variable name="V42" domain="D0"/>
<variable name="V43" domain="D0"/>
<variable name="V44" domain="D0"/>
<variable name="V45" domain="D0"/>
<variable name="V46" domain="D0"/>
<variable name="V47" domain="D0"/>
<variable name="V48" domain="D0"/>
<variable name="V49" domain="D0"/>
<variable name="V50" domain="D0"/>
<variable name="V51" domain="D0"/>
<variable name="V52" domain="D0"/>
<variable name="V53" domain="D0"/>
<variable name="V54" domain="D0"/>
<variable name="V55" domain="D0"/>
<variable name="V56" domain="D0"/>
<variable name="V57" domain="D0"/>
<variable name="V58" domain="D0"/>
<variable name="V59" domain="D0"/>
<variable name="V60" domain="D0"/>
<variable name="V61" domain="D0"/>
<variable name="V62" domain="D0"/>
<variable name="V63" domain="D0"/>
<variable name="V64" domain="D0"/>
<variable name="V65" domain="D0"/>
<variable name="V66" domain="D0"/>
<variable name="V67" domain="D0"/>
<variable name="V68" domain="D0"/>
<variable name="V69" domain="D0"/>
<variable name="V70" domain="D0"/>
<variable name="V71" domain="D0"/>
<variable name="V72" domain="D0"/>
<variable name="V73" domain="D0"/>
<variable name="V74" domain="D0"/>
<variable name="V75" domain="D0"/>
<variable name="V76" domain="D0"/>
<variable name="V77" domain="D0"/>
<variable name="V78" domain="D0"/>
<variable name="V79" domain="D0"/>
<variable name="V80" domain="D0"/>
<variable name="V81" domain="D0"/>
<variable name="V82" domain="D0"/>
<variable name="V83" domain="D0"/>
<variable name="V84" domain="D0"/>
<variable name="V85" domain="D0"/>
<variable name="V86" domain="D0"/>
<variable name="V87" domain="D0"/>
<variable name="V88" domain="D0"/>
<variable name="V89" domain="D0"/>
<variable name="V90" domain="D0"/>
<variable name="V91" domain="D0"/>
<variable name="V92" domain="D0"/>
<variable name="V93" domain="D0"/>
<variable name="V94" domain="D0"/>
<variable name="V95" domain="D0"/>
<variable name="V96" domain="D0"/>
<variable name="V97" domain="D0"/>
<variable name="V98" domain="D0"/>
<variable name="V99" domain="D0"/>
<variable name="V100" domain="D0"/>
<variable name="V101" domain="D0"/>
<variable name="V102" domain="D0"/>
<variable name="V103" domain="D0"/>
<variable name="V104" domain="D0"/>
<variable name="V105" domain="D0"/>
<variable name="V106" domain="D0"/>
<variable name="V107" domain="D0"/>
<variable name="V108" domain="D0"/>
<variable name="V109" domain="D0"/>
<variable name="V110" domain="D0"/>
<variable name="V111" domain="D0"/>
<variable name="V112" domain="D0"/>
<variable name="V113" domain="D0"/>
<variable name="V114" domain="D0"/>
<variable name="V115" domain="D0"/>
<variable name="V116" domain="D0"/>
<variable name="V117" domain="D0"/>
<variable name="V118" domain="D0"/>
<variable name="V119" domain="D0"/>
<variable name="V120" domain="D0"/>
<variable name="V121" domain="D0"/>
<variable name="V122" domain="D0"/>
<variable name="V123" domain="D0"/>
<variable name="V124" domain="D0"/>
</variables>

<relations nbRelations="1">
<relation name="R0" arity="2" nbTuples="4" semantics="conflicts">0 0|1 1|2 2|3 3</relation>
</relations>

<constraints nbConstraints="736">
<constraint name="C0" arity="2" scope="V4 V0" reference="R0"/>
<constraint name="C1" arity="2" scope="V5 V1" reference="R0"/>
<constraint name="C2" arity="2" scope="V7 V3" reference="R0"/>
<constraint name="C3" arity="2" scope="V8 V3" reference="R0"/>
<constraint name="C4" arity="2" scope="V8 V5" reference="R0"/>
<constraint name="C5" arity="2" scope="V10 V1" reference="R0"/>
<constraint name="C6" arity="2" scope="V12 V4" reference="R0"/>
<constraint name="C7" arity="2" scope="V13 V6" reference="R0"/>
<constraint name="C8" arity="2" scope="V13 V8" reference="R0"/>
<constraint name="C9" arity="2" scope="V13 V12" reference="R0"/>
<constraint name="C10" arity="2" scope="V14 V7" reference="R0"/>
<constraint name="C11" arity="2" scope="V15 V9" reference="R0"/>
<constraint name="C12" arity="2" scope="V15 V11" reference="R0"/>
<constraint name="C13" arity="2" scope="V16 V1" reference="R0"/>
<constraint name="C14" arity="2" scope="V17 V11" reference="R0"/>
<constraint name="C15" arity="2" scope="V18 V4" reference="R0"/>
<constraint name="C16" arity="2" scope="V18 V7" reference="R0"/>
<constraint name="C17" arity="2" scope="V18 V10" reference="R0"/>
<constraint name="C18" arity="2" scope="V20 V6" reference="R0"/>
<constraint name="C19" arity="2" scope="V20 V7" reference="R0"/>
<constraint name="C20" arity="2" scope="V21 V16" reference="R0"/>
<constraint name="C21" arity="2" scope="V22 V12" reference="R0"/>
<constraint name="C22" arity="2" scope="V23 V20" reference="R0"/>
<constraint name="C23" arity="2" scope="V24 V2" reference="R0"/>
<constraint name="C24" arity="2" scope="V24 V9" reference="R0"/>
<constraint name="C25" arity="2" scope="V26 V1" reference="R0"/>
<constraint name="C26" arity="2" scope="V26 V5" reference="R0"/>
<constraint name="C27" arity="2" scope="V27 V8" reference="R0"/>
<constraint name="C28" arity="2" scope="V27 V16" reference="R0"/>
<constraint name="C29" arity="2" scope="V27 V18" reference="R0"/>
<constraint name="C30" arity="2" scope="V28 V0" reference="R0"/>
<constraint name="C31" arity="2" scope="V28 V23" reference="R0"/>
<constraint name="C32" arity="2" scope="V29 V4" reference="R0"/>
<constraint name="C33" arity="2" scope="V29 V14" reference="R0"/>
<constraint name="C34" arity="2" scope="V29 V27" reference="R0"/>
<constraint name="C35" arity="2" scope="V30 V9" reference="R0"/>
<constraint name="C36" arity="2" scope="V30 V26" reference="R0"/>
<constraint name="C37" arity="2" scope="V31 V1" reference="R0"/>
<constraint name="C38" arity="2" scope="V31 V10" reference="R0"/>
<constraint name="C39" arity="2" scope="V31 V17" reference="R0"/>
<constraint name="C40" arity="2" scope="V32 V9" reference="R0"/>
<constraint name="C41" arity="2" scope="V33 V11" reference="R0"/>
<constraint name="C42" arity="2" scope="V33 V31" reference="R0"/>
<constraint name="C43" arity="2" scope="V34 V2" reference="R0"/>
<constraint name="C44" arity="2" scope="V34 V4" reference="R0"/>
<constraint name="C45" arity="2" scope="V34 V11" reference="R0"/>
<constraint name="C46" arity="2" scope="V34 V14" reference="R0"/>
<constraint name="C47" arity="2" scope="V34 V15" reference="R0"/>
<constraint name="C48" arity="2" scope="V34 V23" reference="R0"/>
<constraint name="C49" arity="2" scope="V35 V19" reference="R0"/>
<constraint name="C50" arity="2" scope="V35 V26" reference="R0"/>
<constraint name="C51" arity="2" scope="V35 V34" reference="R0"/>
<constraint name="C52" arity="2" scope="V36 V12" reference="R0"/>
<constraint name="C53" arity="2" scope="V36 V21" reference="R0"/>
<constraint name="C54" arity="2" scope="V37 V2" reference="R0"/>
<constraint name="C55" arity="2" scope="V37 V3" reference="R0"/>
<constraint name="C56" arity="2" scope="V37 V5" reference="R0"/>
<constraint name="C57" arity="2" scope="V37 V16" reference="R0"/>
<constraint name="C58" arity="2" scope="V38 V25" reference="R0"/>
<constraint name="C59" arity="2" scope="V39 V1" reference="R0"/>
<constraint name="C60" arity="2" scope="V39 V36" reference="R0"/>
<constraint name="C61" arity="2" scope="V40 V2" reference="R0"/>
<constraint name="C62" arity="2" scope="V40 V6" reference="R0"/>
<constraint name="C63" arity="2" scope="V40 V15" reference="R0"/>
<constraint name="C64" arity="2" scope="V40 V21" reference="R0"/>
<constraint name="C65" arity="2" scope="V40 V34" reference="R0"/>
<constraint name="C66" arity="2" scope="V41 V5" reference="R0"/>
<constraint name="C67" arity="2" scope="V41 V6" reference="R0"/>
<constraint name="C68" arity="2" scope="V41 V7" reference="R0"/>
<constraint name="C69" arity="2" scope="V41 V11" reference="R0"/>
<constraint name="C70" arity="2" scope="V41 V18" reference="R0"/>
<constraint name="C71" arity="2" scope="V41 V24" reference="R0"/>
<constraint name="C72" arity="2" scope="V42 V28" reference="R0"/>
<constraint name="C73" arity="2" scope="V42 V32" reference="R0"/>
<constraint name="C74" arity="2" scope="V42 V34" reference="R0"/>
<constraint name="C75" arity="2" scope="V43 V0" reference="R0"/>
<constraint name="C76" arity="2" scope="V43 V33" reference="R0"/>
<constraint name="C77" arity="2" scope="V44 V15" reference="R0"/>
<constraint name="C78" arity="2" scope="V44 V23" reference="R0"/>
<constraint name="C79" arity="2" scope="V45 V1" reference="R0"/>
<constraint name="C80" arity="2" scope="V45 V9" reference="R0"/>
<constraint name="C81" arity="2" scope="V45 V11" reference="R0"/>
<constraint name="C82" arity="2" scope="V45 V12" reference="R0"/>
<constraint name="C83" arity="2" scope="V45 V24" reference="R0"/>
<constraint name="C84" arity="2" scope="V45 V25" reference="R0"/>
<constraint name="C85" arity="2" scope="V45 V35" reference="R0"/>
<constraint name="C86" arity="2" scope="V46 V11" reference="R0"/>
<constraint name="C87" arity="2" scope="V46 V19" reference="R0"/>
<constraint name="C88" arity="2" scope="V46 V29" reference="R0"/>
<constraint name="C89" arity="2" scope="V46 V35" reference="R0"/>
<constraint name="C90" arity="2" scope="V46 V45" reference="R0"/>
<constraint name="C91" arity="2" scope="V47 V18" reference="R0"/>
<constraint name="C92" arity="2" scope="V47 V23" reference="R0"/>
<constraint name="C93" arity="2" scope="V48 V8" reference="R0"/>
<constraint name="C94" arity="2" scope="V48 V36" reference="R0"/>
<constraint name="C95" arity="2" scope="V48 V42" reference="R0"/>
<constraint name="C96" arity="2" scope="V49 V21" reference="R0"/>
<constraint name="C97" arity="2" scope="V49 V22" reference="R0"/>
<constraint name="C98" arity="2" scope="V49 V23" reference="R0"/>
<constraint name="C99" arity="2" scope="V49 V31" reference="R0"/>
<constraint name="C100" arity="2" scope="V49 V40" reference="R0"/>
<constraint name="C101" arity="2" scope="V49 V46" reference="R0"/>
<constraint name="C102" arity="2" scope="V50 V6" reference="R0"/>
<constraint name="C103" arity="2" scope="V50 V16" reference="R0"/>
<constraint name="C104" arity="2" scope="V50 V26" reference="R0"/>
<constraint name="C105" arity="2" scope="V50 V34" reference="R0"/>
<constraint name="C106" arity="2" scope="V50 V40" reference="R0"/>
<constraint name="C107" arity="2" scope="V50 V41" reference="R0"/>
<constraint name="C108" arity="2" scope="V50 V47" reference="R0"/>
<constraint name="C109" arity="2" scope="V51 V8" reference="R0"/>
<constraint name="C110" arity="2" scope="V51 V11" reference="R0"/>
<constraint name="C111" arity="2" scope="V51 V13" reference="R0"/>
<constraint name="C112" arity="2" scope="V51 V16" reference="R0"/>
<constraint name="C113" arity="2" scope="V51 V27" reference="R0"/>
<constraint name="C114" arity="2" scope="V51 V47" reference="R0"/>
<constraint name="C115" arity="2" scope="V51 V48" reference="R0"/>
<constraint name="C116" arity="2" scope="V52 V0" reference="R0"/>
<constraint name="C117" arity="2" scope="V52 V27" reference="R0"/>
<constraint name="C118" arity="2" scope="V52 V29" reference="R0"/>
<constraint name="C119" arity="2" scope="V52 V43" reference="R0"/>
<constraint name="C120" arity="2" scope="V53 V21" reference="R0"/>
<constraint name="C121" arity="2" scope="V53 V28" reference="R0"/>
<constraint name="C122" arity="2" scope="V53 V47" reference="R0"/>
<constraint name="C123" arity="2" scope="V54 V14" reference="R0"/>
<constraint name="C124" arity="2" scope="V54 V24" reference="R0"/>
<constraint name="C125" arity="2" scope="V54 V42" reference="R0"/>
<constraint name="C126" arity="2" scope="V54 V48" reference="R0"/>
<constraint name="C127" arity="2" scope="V54 V49" reference="R0"/>
<constraint name="C128" arity="2" scope="V54 V53" reference="R0"/>
<constraint name="C129" arity="2" scope="V55 V2" reference="R0"/>
<constraint name="C130" arity="2" scope="V55 V5" reference="R0"/>
<constraint name="C131" arity="2" scope="V55 V34" reference="R0"/>
<constraint name="C132" arity="2" scope="V55 V37" reference="R0"/>
<constraint name="C133" arity="2" scope="V55 V43" reference="R0"/>
<constraint name="C134" arity="2" scope="V56 V7" reference="R0"/>
<constraint name="C135" arity="2" scope="V56 V13" reference="R0"/>
<constraint name="C136" arity="2" scope="V56 V25" reference="R0"/>
<constraint name="C137" arity="2" scope="V56 V29" reference="R0"/>
<constraint name="C138" arity="2" scope="V56 V35" reference="R0"/>
<constraint name="C139" arity="2" scope="V56 V42" reference="R0"/>
<constraint name="C140" arity="2" scope="V56 V49" reference="R0"/>
<constraint name="C141" arity="2" scope="V57 V7" reference="R0"/>
<constraint name="C142" arity="2" scope="V57 V16" reference="R0"/>
<constraint name="C143" arity="2" scope="V57 V48" reference="R0"/>
<constraint name="C144" arity="2" scope="V57 V51" reference="R0"/>
<constraint name="C145" arity="2" scope="V57 V54" reference="R0"/>
<constraint name="C146" arity="2" scope="V58 V15" reference="R0"/>
<constraint name="C147" arity="2" scope="V58 V36" reference="R0"/>
<constraint name="C148" arity="2" scope="V58 V41" reference="R0"/>
<constraint name="C149" arity="2" scope="V58 V50" reference="R0"/>
<constraint name="C150" arity="2" scope="V58 V56" reference="R0"/>
<constraint name="C151" arity="2" scope="V59 V55" reference="R0"/>
<constraint name="C152" arity="2" scope="V59 V56" reference="R0"/>
<constraint name="C153" arity="2" scope="V60 V8" reference="R0"/>
<constraint name="C154" arity="2" scope="V60 V13" reference="R0"/>
<constraint name="C155" arity="2" scope="V60 V16" reference="R0"/>
<constraint name="C156" arity="2" scope="V60 V30" reference="R0"/>
<constraint name="C157" arity="2" scope="V60 V35" reference="R0"/>
<constraint name="C158" arity="2" scope="V60 V46" reference="R0"/>
<constraint name="C159" arity="2" scope="V60 V51" reference="R0"/>
<constraint name="C160" arity="2" scope="V60 V57" reference="R0"/>
<constraint name="C161" arity="2" scope="V61 V2" reference="R0"/>
<constraint name="C162" arity="2" scope="V61 V7" reference="R0"/>
<constraint name="C163" arity="2" scope="V61 V9" reference="R0"/>
<constraint name="C164" arity="2" scope="V61 V15" reference="R0"/>
<constraint name="C165" arity="2" scope="V61 V23" reference="R0"/>
<constraint name="C166" arity="2" scope="V61 V31" reference="R0"/>
<constraint name="C167" arity="2" scope="V61 V36" reference="R0"/>
<constraint name="C168" arity="2" scope="V61 V44" reference="R0"/>
<constraint name="C169" arity="2" scope="V61 V52" reference="R0"/>
<constraint name="C170" arity="2" scope="V61 V53" reference="R0"/>
<constraint name="C171" arity="2" scope="V61 V54" reference="R0"/>
<constraint name="C172" arity="2" scope="V61 V55" reference="R0"/>
<constraint name="C173" arity="2" scope="V62 V2" reference="R0"/>
<constraint name="C174" arity="2" scope="V62 V10" reference="R0"/>
<constraint name="C175" arity="2" scope="V62 V23" reference="R0"/>
<constraint name="C176" arity="2" scope="V62 V28" reference="R0"/>
<constraint name="C177" arity="2" scope="V62 V29" reference="R0"/>
<constraint name="C178" arity="2" scope="V62 V32" reference="R0"/>
<constraint name="C179" arity="2" scope="V62 V34" reference="R0"/>
<constraint name="C180" arity="2" scope="V62 V37" reference="R0"/>
<constraint name="C181" arity="2" scope="V62 V38" reference="R0"/>
<constraint name="C182" arity="2" scope="V62 V50" reference="R0"/>
<constraint name="C183" arity="2" scope="V62 V51" reference="R0"/>
<constraint name="C184" arity="2" scope="V63 V28" reference="R0"/>
<constraint name="C185" arity="2" scope="V63 V41" reference="R0"/>
<constraint name="C186" arity="2" scope="V63 V44" reference="R0"/>
<constraint name="C187" arity="2" scope="V63 V54" reference="R0"/>
<constraint name="C188" arity="2" scope="V63 V56" reference="R0"/>
<constraint name="C189" arity="2" scope="V63 V57" reference="R0"/>
<constraint name="C190" arity="2" scope="V64 V4" reference="R0"/>
<constraint name="C191" arity="2" scope="V64 V7" reference="R0"/>
<constraint name="C192" arity="2" scope="V64 V20" reference="R0"/>
<constraint name="C193" arity="2" scope="V64 V25" reference="R0"/>
<constraint name="C194" arity="2" scope="V64 V35" reference="R0"/>
<constraint name="C195" arity="2" scope="V64 V36" reference="R0"/>
<constraint name="C196" arity="2" scope="V64 V47" reference="R0"/>
<constraint name="C197" arity="2" scope="V64 V57" reference="R0"/>
<constraint name="C198" arity="2" scope="V65 V8" reference="R0"/>
<constraint name="C199" arity="2" scope="V65 V13" reference="R0"/>
<constraint name="C200" arity="2" scope="V65 V14" reference="R0"/>
<constraint name="C201" arity="2" scope="V65 V17" reference="R0"/>
<constraint name="C202" arity="2" scope="V65 V18" reference="R0"/>
<constraint name="C203" arity="2" scope="V65 V27" reference="R0"/>
<constraint name="C204" arity="2" scope="V65 V36" reference="R0"/>
<constraint name="C205" arity="2" scope="V65 V61" reference="R0"/>
<constraint name="C206" arity="2" scope="V65 V63" reference="R0"/>
<constraint name="C207" arity="2" scope="V66 V5" reference="R0"/>
<constraint name="C208" arity="2" scope="V66 V9" reference="R0"/>
<constraint name="C209" arity="2" scope="V66 V10" reference="R0"/>
<constraint name="C210" arity="2" scope="V66 V21" reference="R0"/>
<constraint name="C211" arity="2" scope="V66 V30" reference="R0"/>
<constraint name="C212" arity="2" scope="V66 V34" reference="R0"/>
<constraint name="C213" arity="2" scope="V66 V36" reference="R0"/>
<constraint name="C214" arity="2" scope="V66 V44" reference="R0"/>
<constraint name="C215" arity="2" scope="V66 V46" reference="R0"/>
<constraint name="C216" arity="2" scope="V67 V21" reference="R0"/>
<constraint name="C217" arity="2" scope="V67 V34" reference="R0"/>
<constraint name="C218" arity="2" scope="V67 V42" reference="R0"/>
<constraint name="C219" arity="2" scope="V67 V52" reference="R0"/>
<constraint name="C220" arity="2" scope="V68 V3" reference="R0"/>
<constraint name="C221" arity="2" scope="V68 V5" reference="R0"/>
<constraint name="C222" arity="2" scope="V68 V14" reference="R0"/>
<constraint name="C223" arity="2" scope="V68 V24" reference="R0"/>
<constraint name="C224" arity="2" scope="V68 V28" reference="R0"/>
<constraint name="C225" arity="2" scope="V68 V58" reference="R0"/>
<constraint name="C226" arity="2" scope="V68 V62" reference="R0"/>
<constraint name="C227" arity="2" scope="V68 V64" reference="R0"/>
<constraint name="C228" arity="2" scope="V68 V66" reference="R0"/>
<constraint name="C229" arity="2" scope="V69 V26" reference="R0"/>
<constraint name="C230" arity="2" scope="V69 V27" reference="R0"/>
<constraint name="C231" arity="2" scope="V69 V30" reference="R0"/>
<constraint name="C232" arity="2" scope="V69 V31" reference="R0"/>
<constraint name="C233" arity="2" scope="V69 V33" reference="R0"/>
<constraint name="C234" arity="2" scope="V70 V10" reference="R0"/>
<constraint name="C235" arity="2" scope="V70 V22" reference="R0"/>
<constraint name="C236" arity="2" scope="V70 V39" reference="R0"/>
<constraint name="C237" arity="2" scope="V70 V55" reference="R0"/>
<constraint name="C238" arity="2" scope="V71 V3" reference="R0"/>
<constraint name="C239" arity="2" scope="V71 V11" reference="R0"/>
<constraint name="C240" arity="2" scope="V71 V25" reference="R0"/>
<constraint name="C241" arity="2" scope="V71 V38" reference="R0"/>
<constraint name="C242" arity="2" scope="V71 V39" reference="R0"/>
<constraint name="C243" arity="2" scope="V72 V6" reference="R0"/>
<constraint name="C244" arity="2" scope="V72 V8" reference="R0"/>
<constraint name="C245" arity="2" scope="V72 V11" reference="R0"/>
<constraint name="C246" arity="2" scope="V72 V23" reference="R0"/>
<constraint name="C247" arity="2" scope="V72 V47" reference="R0"/>
<constraint name="C248" arity="2" scope="V72 V49" reference="R0"/>
<constraint name="C249" arity="2" scope="V72 V50" reference="R0"/>
<constraint name="C250" arity="2" scope="V72 V71" reference="R0"/>
<constraint name="C251" arity="2" scope="V73 V20" reference="R0"/>
<constraint name="C252" arity="2" scope="V73 V24" reference="R0"/>
<constraint name="C253" arity="2" scope="V73 V27" reference="R0"/>
<constraint name="C254" arity="2" scope="V73 V30" reference="R0"/>
<constraint name="C255" arity="2" scope="V73 V38" reference="R0"/>
<constraint name="C256" arity="2" scope="V73 V58" reference="R0"/>
<constraint name="C257" arity="2" scope="V73 V65" reference="R0"/>
<constraint name="C258" arity="2" scope="V74 V5" reference="R0"/>
<constraint name="C259" arity="2" scope="V74 V17" reference="R0"/>
<constraint name="C260" arity="2" scope="V74 V61" reference="R0"/>
<constraint name="C261" arity="2" scope="V74 V64" reference="R0"/>
<constraint name="C262" arity="2" scope="V74 V65" reference="R0"/>
<constraint name="C263" arity="2" scope="V75 V13" reference="R0"/>
<constraint name="C264" arity="2" scope="V75 V23" reference="R0"/>
<constraint name="C265" arity="2" scope="V75 V29" reference="R0"/>
<constraint name="C266" arity="2" scope="V75 V31" reference="R0"/>
<constraint name="C267" arity="2" scope="V75 V34" reference="R0"/>
<constraint name="C268" arity="2" scope="V75 V39" reference="R0"/>
<constraint name="C269" arity="2" scope="V76 V4" reference="R0"/>
<constraint name="C270" arity="2" scope="V76 V6" reference="R0"/>
<constraint name="C271" arity="2" scope="V76 V8" reference="R0"/>
<constraint name="C272" arity="2" scope="V76 V10" reference="R0"/>
<constraint name="C273" arity="2" scope="V76 V36" reference="R0"/>
<constraint name="C274" arity="2" scope="V76 V54" reference="R0"/>
<constraint name="C275" arity="2" scope="V76 V57" reference="R0"/>
<constraint name="C276" arity="2" scope="V76 V59" reference="R0"/>
<constraint name="C277" arity="2" scope="V76 V60" reference="R0"/>
<constraint name="C278" arity="2" scope="V76 V63" reference="R0"/>
<constraint name="C279" arity="2" scope="V76 V68" reference="R0"/>
<constraint name="C280" arity="2" scope="V77 V15" reference="R0"/>
<constraint name="C281" arity="2" scope="V77 V42" reference="R0"/>
<constraint name="C282" arity="2" scope="V77 V48" reference="R0"/>
<constraint name="C283" arity="2" scope="V77 V68" reference="R0"/>
<constraint name="C284" arity="2" scope="V77 V71" reference="R0"/>
<constraint name="C285" arity="2" scope="V78 V0" reference="R0"/>
<constraint name="C286" arity="2" scope="V78 V1" reference="R0"/>
<constraint name="C287" arity="2" scope="V78 V13" reference="R0"/>
<constraint name="C288" arity="2" scope="V78 V38" reference="R0"/>
<constraint name="C289" arity="2" scope="V78 V68" reference="R0"/>
<constraint name="C290" arity="2" scope="V78 V73" reference="R0"/>
<constraint name="C291" arity="2" scope="V79 V0" reference="R0"/>
<constraint name="C292" arity="2" scope="V79 V13" reference="R0"/>
<constraint name="C293" arity="2" scope="V79 V40" reference="R0"/>
<constraint name="C294" arity="2" scope="V79 V51" reference="R0"/>
<constraint name="C295" arity="2" scope="V79 V67" reference="R0"/>
<constraint name="C296" arity="2" scope="V79 V75" reference="R0"/>
<constraint name="C297" arity="2" scope="V80 V9" reference="R0"/>
<constraint name="C298" arity="2" scope="V80 V19" reference="R0"/>
<constraint name="C299" arity="2" scope="V80 V27" reference="R0"/>
<constraint name="C300" arity="2" scope="V81 V4" reference="R0"/>
<constraint name="C301" arity="2" scope="V81 V5" reference="R0"/>
<constraint name="C302" arity="2" scope="V81 V21" reference="R0"/>
<constraint name="C303" arity="2" scope="V81 V25" reference="R0"/>
<constraint name="C304" arity="2" scope="V81 V36" reference="R0"/>
<constraint name="C305" arity="2" scope="V81 V39" reference="R0"/>
<constraint name="C306" arity="2" scope="V81 V50" reference="R0"/>
<constraint name="C307" arity="2" scope="V81 V57" reference="R0"/>
<constraint name="C308" arity="2" scope="V81 V73" reference="R0"/>
<constraint name="C309" arity="2" scope="V81 V77" reference="R0"/>
<constraint name="C310" arity="2" scope="V81 V79" reference="R0"/>
<constraint name="C311" arity="2" scope="V81 V80" reference="R0"/>
<constraint name="C312" arity="2" scope="V82 V12" reference="R0"/>
<constraint name="C313" arity="2" scope="V82 V44" reference="R0"/>
<constraint name="C314" arity="2" scope="V82 V49" reference="R0"/>
<constraint name="C315" arity="2" scope="V82 V53" reference="R0"/>
<constraint name="C316" arity="2" scope="V82 V68" reference="R0"/>
<constraint name="C317" arity="2" scope="V82 V75" reference="R0"/>
<constraint name="C318" arity="2" scope="V83 V4" reference="R0"/>
<constraint name="C319" arity="2" scope="V83 V8" reference="R0"/>
<constraint name="C320" arity="2" scope="V83 V12" reference="R0"/>
<constraint name="C321" arity="2" scope="V83 V16" reference="R0"/>
<constraint name="C322" arity="2" scope="V83 V17" reference="R0"/>
<constraint name="C323" arity="2" scope="V83 V20" reference="R0"/>
<constraint name="C324" arity="2" scope="V83 V23" reference="R0"/>
<constraint name="C325" arity="2" scope="V83 V41" reference="R0"/>
<constraint name="C326" arity="2" scope="V83 V48" reference="R0"/>
<constraint name="C327" arity="2" scope="V83 V52" reference="R0"/>
<constraint name="C328" arity="2" scope="V83 V55" reference="R0"/>
<constraint name="C329" arity="2" scope="V83 V56" reference="R0"/>
<constraint name="C330" arity="2" scope="V83 V62" reference="R0"/>
<constraint name="C331" arity="2" scope="V83 V76" reference="R0"/>
<constraint name="C332" arity="2" scope="V83 V77" reference="R0"/>
<constraint name="C333" arity="2" scope="V84 V19" reference="R0"/>
<constraint name="C334" arity="2" scope="V84 V21" reference="R0"/>
<constraint name="C335" arity="2" scope="V84 V30" reference="R0"/>
<constraint name="C336" arity="2" scope="V84 V31" reference="R0"/>
<constraint name="C337" arity="2" scope="V84 V39" reference="R0"/>
<constraint name="C338" arity="2" scope="V84 V64" reference="R0"/>
<constraint name="C339" arity="2" scope="V84 V78" reference="R0"/>
<constraint name="C340" arity="2" scope="V85 V13" reference="R0"/>
<constraint name="C341" arity="2" scope="V85 V21" reference="R0"/>
<constraint name="C342" arity="2" scope="V85 V31" reference="R0"/>
<constraint name="C343" arity="2" scope="V85 V32" reference="R0"/>
<constraint name="C344" arity="2" scope="V85 V47" reference="R0"/>
<constraint name="C345" arity="2" scope="V85 V67" reference="R0"/>
<constraint name="C346" arity="2" scope="V85 V80" reference="R0"/>
<constraint name="C347" arity="2" scope="V85 V81" reference="R0"/>
<constraint name="C348" arity="2" scope="V86 V9" reference="R0"/>
<constraint name="C349" arity="2" scope="V86 V13" reference="R0"/>
<constraint name="C350" arity="2" scope="V86 V15" reference="R0"/>
<constraint name="C351" arity="2" scope="V86 V43" reference="R0"/>
<constraint name="C352" arity="2" scope="V86 V70" reference="R0"/>
<constraint name="C353" arity="2" scope="V86 V71" reference="R0"/>
<constraint name="C354" arity="2" scope="V86 V75" reference="R0"/>
<constraint name="C355" arity="2" scope="V87 V2" reference="R0"/>
<constraint name="C356" arity="2" scope="V87 V10" reference="R0"/>
<constraint name="C357" arity="2" scope="V87 V23" reference="R0"/>
<constraint name="C358" arity="2" scope="V87 V25" reference="R0"/>
<constraint name="C359" arity="2" scope="V87 V36" reference="R0"/>
<constraint name="C360" arity="2" scope="V87 V37" reference="R0"/>
<constraint name="C361" arity="2" scope="V87 V41" reference="R0"/>
<constraint name="C362" arity="2" scope="V88 V40" reference="R0"/>
<constraint name="C363" arity="2" scope="V88 V44" reference="R0"/>
<constraint name="C364" arity="2" scope="V88 V50" reference="R0"/>
<constraint name="C365" arity="2" scope="V88 V61" reference="R0"/>
<constraint name="C366" arity="2" scope="V88 V73" reference="R0"/>
<constraint name="C367" arity="2" scope="V88 V78" reference="R0"/>
<constraint name="C368" arity="2" scope="V88 V83" reference="R0"/>
<constraint name="C369" arity="2" scope="V89 V17" reference="R0"/>
<constraint name="C370" arity="2" scope="V89 V21" reference="R0"/>
<constraint name="C371" arity="2" scope="V89 V43" reference="R0"/>
<constraint name="C372" arity="2" scope="V89 V52" reference="R0"/>
<constraint name="C373" arity="2" scope="V89 V61" reference="R0"/>
<constraint name="C374" arity="2" scope="V89 V69" reference="R0"/>
<constraint name="C375" arity="2" scope="V90 V8" reference="R0"/>
<constraint name="C376" arity="2" scope="V90 V21" reference="R0"/>
<constraint name="C377" arity="2" scope="V90 V23" reference="R0"/>
<constraint name="C378" arity="2" scope="V90 V30" reference="R0"/>
<constraint name="C379" arity="2" scope="V90 V35" reference="R0"/>
<constraint name="C380" arity="2" scope="V90 V45" reference="R0"/>
<constraint name="C381" arity="2" scope="V90 V49" reference="R0"/>
<constraint name="C382" arity="2" scope="V90 V52" reference="R0"/>
<constraint name="C383" arity="2" scope="V90 V63" reference="R0"/>
<constraint name="C384" arity="2" scope="V90 V67" reference="R0"/>
<constraint name="C385" arity="2" scope="V90 V71" reference="R0"/>
<constraint name="C386" arity="2" scope="V90 V77" reference="R0"/>
<constraint name="C387" arity="2" scope="V90 V79" reference="R0"/>
<constraint name="C388" arity="2" scope="V90 V80" reference="R0"/>
<constraint name="C389" arity="2" scope="V90 V87" reference="R0"/>
<constraint name="C390" arity="2" scope="V91 V4" reference="R0"/>
<constraint name="C391" arity="2" scope="V91 V14" reference="R0"/>
<constraint name="C392" arity="2" scope="V91 V20" reference="R0"/>
<constraint name="C393" arity="2" scope="V91 V26" reference="R0"/>
<constraint name="C394" arity="2" scope="V91 V39" reference="R0"/>
<constraint name="C395" arity="2" scope="V91 V51" reference="R0"/>
<constraint name="C396" arity="2" scope="V91 V61" reference="R0"/>
<constraint name="C397" arity="2" scope="V91 V72" reference="R0"/>
<constraint name="C398" arity="2" scope="V91 V73" reference="R0"/>
<constraint name="C399" arity="2" scope="V91 V85" reference="R0"/>
<constraint name="C400" arity="2" scope="V92 V14" reference="R0"/>
<constraint name="C401" arity="2" scope="V92 V25" reference="R0"/>
<constraint name="C402" arity="2" scope="V92 V32" reference="R0"/>
<constraint name="C403" arity="2" scope="V92 V44" reference="R0"/>
<constraint name="C404" arity="2" scope="V92 V47" reference="R0"/>
<constraint name="C405" arity="2" scope="V92 V58" reference="R0"/>
<constraint name="C406" arity="2" scope="V92 V60" reference="R0"/>
<constraint name="C407" arity="2" scope="V92 V69" reference="R0"/>
<constraint name="C408" arity="2" scope="V92 V82" reference="R0"/>
<constraint name="C409" arity="2" scope="V92 V90" reference="R0"/>
<constraint name="C410" arity="2" scope="V93 V16" reference="R0"/>
<constraint name="C411" arity="2" scope="V93 V37" reference="R0"/>
<constraint name="C412" arity="2" scope="V93 V38" reference="R0"/>
<constraint name="C413" arity="2" scope="V93 V69" reference="R0"/>
<constraint name="C414" arity="2" scope="V93 V70" reference="R0"/>
<constraint name="C415" arity="2" scope="V93 V75" reference="R0"/>
<constraint name="C416" arity="2" scope="V93 V80" reference="R0"/>
<constraint name="C417" arity="2" scope="V93 V89" reference="R0"/>
<constraint name="C418" arity="2" scope="V94 V59" reference="R0"/>
<constraint name="C419" arity="2" scope="V94 V60" reference="R0"/>
<constraint name="C420" arity="2" scope="V94 V76" reference="R0"/>
<constraint name="C421" arity="2" scope="V94 V83" reference="R0"/>
<constraint name="C422" arity="2" scope="V94 V91" reference="R0"/>
<constraint name="C423" arity="2" scope="V94 V93" reference="R0"/>
<constraint name="C424" arity="2" scope="V95 V8" reference="R0"/>
<constraint name="C425" arity="2" scope="V95 V10" reference="R0"/>
<constraint name="C426" arity="2" scope="V95 V12" reference="R0"/>
<constraint name="C427" arity="2" scope="V95 V34" reference="R0"/>
<constraint name="C428" arity="2" scope="V95 V60" reference="R0"/>
<constraint name="C429" arity="2" scope="V95 V68" reference="R0"/>
<constraint name="C430" arity="2" scope="V95 V74" reference="R0"/>
<constraint name="C431" arity="2" scope="V95 V76" reference="R0"/>
<constraint name="C432" arity="2" scope="V95 V90" reference="R0"/>
<constraint name="C433" arity="2" scope="V96 V19" reference="R0"/>
<constraint name="C434" arity="2" scope="V96 V43" reference="R0"/>
<constraint name="C435" arity="2" scope="V96 V53" reference="R0"/>
<constraint name="C436" arity="2" scope="V96 V54" reference="R0"/>
<constraint name="C437" arity="2" scope="V96 V57" reference="R0"/>
<constraint name="C438" arity="2" scope="V96 V67" reference="R0"/>
<constraint name="C439" arity="2" scope="V96 V68" reference="R0"/>
<constraint name="C440" arity="2" scope="V96 V72" reference="R0"/>
<constraint name="C441" arity="2" scope="V96 V76" reference="R0"/>
<constraint name="C442" arity="2" scope="V96 V79" reference="R0"/>
<constraint name="C443" arity="2" scope="V96 V83" reference="R0"/>
<constraint name="C444" arity="2" scope="V96 V89" reference="R0"/>
<constraint name="C445" arity="2" scope="V96 V92" reference="R0"/>
<constraint name="C446" arity="2" scope="V96 V95" reference="R0"/>
<constraint name="C447" arity="2" scope="V97 V6" reference="R0"/>
<constraint name="C448" arity="2" scope="V97 V15" reference="R0"/>
<constraint name="C449" arity="2" scope="V97 V16" reference="R0"/>
<constraint name="C450" arity="2" scope="V97 V18" reference="R0"/>
<constraint name="C451" arity="2" scope="V97 V22" reference="R0"/>
<constraint name="C452" arity="2" scope="V97 V26" reference="R0"/>
<constraint name="C453" arity="2" scope="V97 V31" reference="R0"/>
<constraint name="C454" arity="2" scope="V97 V48" reference="R0"/>
<constraint name="C455" arity="2" scope="V97 V70" reference="R0"/>
<constraint name="C456" arity="2" scope="V97 V74" reference="R0"/>
<constraint name="C457" arity="2" scope="V97 V82" reference="R0"/>
<constraint name="C458" arity="2" scope="V97 V88" reference="R0"/>
<constraint name="C459" arity="2" scope="V98 V3" reference="R0"/>
<constraint name="C460" arity="2" scope="V98 V12" reference="R0"/>
<constraint name="C461" arity="2" scope="V98 V16" reference="R0"/>
<constraint name="C462" arity="2" scope="V98 V26" reference="R0"/>
<constraint name="C463" arity="2" scope="V98 V46" reference="R0"/>
<constraint name="C464" arity="2" scope="V98 V48" reference="R0"/>
<constraint name="C465" arity="2" scope="V98 V55" reference="R0"/>
<constraint name="C466" arity="2" scope="V98 V68" reference="R0"/>
<constraint name="C467" arity="2" scope="V98 V75" reference="R0"/>
<constraint name="C468" arity="2" scope="V98 V88" reference="R0"/>
<constraint name="C469" arity="2" scope="V99 V8" reference="R0"/>
<constraint name="C470" arity="2" scope="V99 V11" reference="R0"/>
<constraint name="C471" arity="2" scope="V99 V13" reference="R0"/>
<constraint name="C472" arity="2" scope="V99 V47" reference="R0"/>
<constraint name="C473" arity="2" scope="V99 V57" reference="R0"/>
<constraint name="C474" arity="2" scope="V99 V84" reference="R0"/>
<constraint name="C475" arity="2" scope="V100 V8" reference="R0"/>
<constraint name="C476" arity="2" scope="V100 V12" reference="R0"/>
<constraint name="C477" arity="2" scope="V100 V31" reference="R0"/>
<constraint name="C478" arity="2" scope="V100 V57" reference="R0"/>
<constraint name="C479" arity="2" scope="V100 V65" reference="R0"/>
<constraint name="C480" arity="2" scope="V100 V76" reference="R0"/>
<constraint name="C481" arity="2" scope="V100 V83" reference="R0"/>
<constraint name="C482" arity="2" scope="V100 V96" reference="R0"/>
<constraint name="C483" arity="2" scope="V101 V16" reference="R0"/>
<constraint name="C484" arity="2" scope="V101 V19" reference="R0"/>
<constraint name="C485" arity="2" scope="V101 V35" reference="R0"/>
<constraint name="C486" arity="2" scope="V101 V41" reference="R0"/>
<constraint name="C487" arity="2" scope="V101 V51" reference="R0"/>
<constraint name="C488" arity="2" scope="V101 V65" reference="R0"/>
<constraint name="C489" arity="2" scope="V101 V83" reference="R0"/>
<constraint name="C490" arity="2" scope="V101 V85" reference="R0"/>
<constraint name="C491" arity="2" scope="V102 V7" reference="R0"/>
<constraint name="C492" arity="2" scope="V102 V10" reference="R0"/>
<constraint name="C493" arity="2" scope="V102 V11" reference="R0"/>
<constraint name="C494" arity="2" scope="V102 V13" reference="R0"/>
<constraint name="C495" arity="2" scope="V102 V26" reference="R0"/>
<constraint name="C496" arity="2" scope="V102 V31" reference="R0"/>
<constraint name="C497" arity="2" scope="V102 V33" reference="R0"/>
<constraint name="C498" arity="2" scope="V102 V35" reference="R0"/>
<constraint name="C499" arity="2" scope="V102 V37" reference="R0"/>
<constraint name="C500" arity="2" scope="V102 V46" reference="R0"/>
<constraint name="C501" arity="2" scope="V102 V58" reference="R0"/>
<constraint name="C502" arity="2" scope="V102 V64" reference="R0"/>
<constraint name="C503" arity="2" scope="V102 V68" reference="R0"/>
<constraint name="C504" arity="2" scope="V103 V15" reference="R0"/>
<constraint name="C505" arity="2" scope="V103 V48" reference="R0"/>
<constraint name="C506" arity="2" scope="V103 V73" reference="R0"/>
<constraint name="C507" arity="2" scope="V103 V75" reference="R0"/>
<constraint name="C508" arity="2" scope="V103 V82" reference="R0"/>
<constraint name="C509" arity="2" scope="V103 V84" reference="R0"/>
<constraint name="C510" arity="2" scope="V103 V101" reference="R0"/>
<constraint name="C511" arity="2" scope="V104 V1" reference="R0"/>
<constraint name="C512" arity="2" scope="V104 V3" reference="R0"/>
<constraint name="C513" arity="2" scope="V104 V7" reference="R0"/>
<constraint name="C514" arity="2" scope="V104 V15" reference="R0"/>
<constraint name="C515" arity="2" scope="V104 V31" reference="R0"/>
<constraint name="C516" arity="2" scope="V104 V38" reference="R0"/>
<constraint name="C517" arity="2" scope="V104 V46" reference="R0"/>
<constraint name="C518" arity="2" scope="V104 V55" reference="R0"/>
<constraint name="C519" arity="2" scope="V104 V72" reference="R0"/>
<constraint name="C520" arity="2" scope="V104 V79" reference="R0"/>
<constraint name="C521" arity="2" scope="V104 V82" reference="R0"/>
<constraint name="C522" arity="2" scope="V104 V87" reference="R0"/>
<constraint name="C523" arity="2" scope="V104 V103" reference="R0"/>
<constraint name="C524" arity="2" scope="V105 V10" reference="R0"/>
<constraint name="C525" arity="2" scope="V105 V15" reference="R0"/>
<constraint name="C526" arity="2" scope="V105 V24" reference="R0"/>
<constraint name="C527" arity="2" scope="V105 V26" reference="R0"/>
<constraint name="C528" arity="2" scope="V105 V41" reference="R0"/>
<constraint name="C529" arity="2" scope="V105 V45" reference="R0"/>
<constraint name="C530" arity="2" scope="V105 V50" reference="R0"/>
<constraint name="C531" arity="2" scope="V105 V63" reference="R0"/>
<constraint name="C532" arity="2" scope="V105 V69" reference="R0"/>
<constraint name="C533" arity="2" scope="V105 V76" reference="R0"/>
<constraint name="C534" arity="2" scope="V105 V79" reference="R0"/>
<constraint name="C535" arity="2" scope="V105 V81" reference="R0"/>
<constraint name="C536" arity="2" scope="V105 V87" reference="R0"/>
<constraint name="C537" arity="2" scope="V105 V92" reference="R0"/>
<constraint name="C538" arity="2" scope="V105 V99" reference="R0"/>
<constraint name="C539" arity="2" scope="V106 V41" reference="R0"/>
<constraint name="C540" arity="2" scope="V106 V44" reference="R0"/>
<constraint name="C541" arity="2" scope="V106 V48" reference="R0"/>
<constraint name="C542" arity="2" scope="V106 V50" reference="R0"/>
<constraint name="C543" arity="2" scope="V106 V71" reference="R0"/>
<constraint name="C544" arity="2" scope="V106 V73" reference="R0"/>
<constraint name="C545" arity="2" scope="V106 V76" reference="R0"/>
<constraint name="C546" arity="2" scope="V106 V87" reference="R0"/>
<constraint name="C547" arity="2" scope="V107 V40" reference="R0"/>
<constraint name="C548" arity="2" scope="V107 V41" reference="R0"/>
<constraint name="C549" arity="2" scope="V107 V50" reference="R0"/>
<constraint name="C550" arity="2" scope="V107 V57" reference="R0"/>
<constraint name="C551" arity="2" scope="V107 V63" reference="R0"/>
<constraint name="C552" arity="2" scope="V107 V65" reference="R0"/>
<constraint name="C553" arity="2" scope="V107 V82" reference="R0"/>
<constraint name="C554" arity="2" scope="V108 V5" reference="R0"/>
<constraint name="C555" arity="2" scope="V108 V68" reference="R0"/>
<constraint name="C556" arity="2" scope="V108 V74" reference="R0"/>
<constraint name="C557" arity="2" scope="V109 V7" reference="R0"/>
<constraint name="C558" arity="2" scope="V109 V9" reference="R0"/>
<constraint name="C559" arity="2" scope="V109 V22" reference="R0"/>
<constraint name="C560" arity="2" scope="V109 V40" reference="R0"/>
<constraint name="C561" arity="2" scope="V109 V48" reference="R0"/>
<constraint name="C562" arity="2" scope="V109 V49" reference="R0"/>
<constraint name="C563" arity="2" scope="V109 V59" reference="R0"/>
<constraint name="C564" arity="2" scope="V109 V70" reference="R0"/>
<constraint name="C565" arity="2" scope="V109 V75" reference="R0"/>
<constraint name="C566" arity="2" scope="V109 V76" reference="R0"/>
<constraint name="C567" arity="2" scope="V109 V77" reference="R0"/>
<constraint name="C568" arity="2" scope="V109 V83" reference="R0"/>
<constraint name="C569" arity="2" scope="V109 V88" reference="R0"/>
<constraint name="C570" arity="2" scope="V109 V96" reference="R0"/>
<constraint name="C571" arity="2" scope="V109 V107" reference="R0"/>
<constraint name="C572" arity="2" scope="V110 V8" reference="R0"/>
<constraint name="C573" arity="2" scope="V110 V24" reference="R0"/>
<constraint name="C574" arity="2" scope="V110 V39" reference="R0"/>
<constraint name="C575" arity="2" scope="V110 V45" reference="R0"/>
<constraint name="C576" arity="2" scope="V110 V47" reference="R0"/>
<constraint name="C577" arity="2" scope="V110 V51" reference="R0"/>
<constraint name="C578" arity="2" scope="V110 V52" reference="R0"/>
<constraint name="C579" arity="2" scope="V110 V60" reference="R0"/>
<constraint name="C580" arity="2" scope="V110 V61" reference="R0"/>
<constraint name="C581" arity="2" scope="V110 V78" reference="R0"/>
<constraint name="C582" arity="2" scope="V110 V97" reference="R0"/>
<constraint name="C583" arity="2" scope="V111 V2" reference="R0"/>
<constraint name="C584" arity="2" scope="V111 V16" reference="R0"/>
<constraint name="C585" arity="2" scope="V111 V23" reference="R0"/>
<constraint name="C586" arity="2" scope="V111 V31" reference="R0"/>
<constraint name="C587" arity="2" scope="V111 V53" reference="R0"/>
<constraint name="C588" arity="2" scope="V111 V57" reference="R0"/>
<constraint name="C589" arity="2" scope="V111 V65" reference="R0"/>
<constraint name="C590" arity="2" scope="V111 V77" reference="R0"/>
<constraint name="C591" arity="2" scope="V112 V0" reference="R0"/>
<constraint name="C592" arity="2" scope="V112 V3" reference="R0"/>
<constraint name="C593" arity="2" scope="V112 V16" reference="R0"/>
<constraint name="C594" arity="2" scope="V112 V18" reference="R0"/>
<constraint name="C595" arity="2" scope="V112 V22" reference="R0"/>
<constraint name="C596" arity="2" scope="V112 V52" reference="R0"/>
<constraint name="C597" arity="2" scope="V112 V70" reference="R0"/>
<constraint name="C598" arity="2" scope="V112 V71" reference="R0"/>
<constraint name="C599" arity="2" scope="V112 V95" reference="R0"/>
<constraint name="C600" arity="2" scope="V112 V107" reference="R0"/>
<constraint name="C601" arity="2" scope="V112 V111" reference="R0"/>
<constraint name="C602" arity="2" scope="V113 V15" reference="R0"/>
<constraint name="C603" arity="2" scope="V113 V17" reference="R0"/>
<constraint name="C604" arity="2" scope="V113 V18" reference="R0"/>
<constraint name="C605" arity="2" scope="V113 V48" reference="R0"/>
<constraint name="C606" arity="2" scope="V113 V50" reference="R0"/>
<constraint name="C607" arity="2" scope="V113 V56" reference="R0"/>
<constraint name="C608" arity="2" scope="V113 V79" reference="R0"/>
<constraint name="C609" arity="2" scope="V113 V82" reference="R0"/>
<constraint name="C610" arity="2" scope="V113 V93" reference="R0"/>
<constraint name="C611" arity="2" scope="V113 V97" reference="R0"/>
<constraint name="C612" arity="2" scope="V114 V2" reference="R0"/>
<constraint name="C613" arity="2" scope="V114 V22" reference="R0"/>
<constraint name="C614" arity="2" scope="V114 V30" reference="R0"/>
<constraint name="C615" arity="2" scope="V114 V46" reference="R0"/>
<constraint name="C616" arity="2" scope="V114 V52" reference="R0"/>
<constraint name="C617" arity="2" scope="V114 V63" reference="R0"/>
<constraint name="C618" arity="2" scope="V114 V77" reference="R0"/>
<constraint name="C619" arity="2" scope="V114 V88" reference="R0"/>
<constraint name="C620" arity="2" scope="V114 V91" reference="R0"/>
<constraint name="C621" arity="2" scope="V114 V92" reference="R0"/>
<constraint name="C622" arity="2" scope="V114 V99" reference="R0"/>
<constraint name="C623" arity="2" scope="V114 V102" reference="R0"/>
<constraint name="C624" arity="2" scope="V114 V108" reference="R0"/>
<constraint name="C625" arity="2" scope="V114 V109" reference="R0"/>
<constraint name="C626" arity="2" scope="V114 V113" reference="R0"/>
<constraint name="C627" arity="2" scope="V115 V2" reference="R0"/>
<constraint name="C628" arity="2" scope="V115 V12" reference="R0"/>
<constraint name="C629" arity="2" scope="V115 V14" reference="R0"/>
<constraint name="C630" arity="2" scope="V115 V25" reference="R0"/>
<constraint name="C631" arity="2" scope="V115 V26" reference="R0"/>
<constraint name="C632" arity="2" scope="V115 V37" reference="R0"/>
<constraint name="C633" arity="2" scope="V115 V66" reference="R0"/>
<constraint name="C634" arity="2" scope="V115 V67" reference="R0"/>
<constraint name="C635" arity="2" scope="V115 V83" reference="R0"/>
<constraint name="C636" arity="2" scope="V115 V106" reference="R0"/>
<constraint name="C637" arity="2" scope="V116 V25" reference="R0"/>
<constraint name="C638" arity="2" scope="V116 V34" reference="R0"/>
<constraint name="C639" arity="2" scope="V116 V49" reference="R0"/>
<constraint name="C640" arity="2" scope="V116 V50" reference="R0"/>
<constraint name="C641" arity="2" scope="V116 V79" reference="R0"/>
<constraint name="C642" arity="2" scope="V116 V81" reference="R0"/>
<constraint name="C643" arity="2" scope="V116 V95" reference="R0"/>
<constraint name="C644" arity="2" scope="V116 V102" reference="R0"/>
<constraint name="C645" arity="2" scope="V117 V4" reference="R0"/>
<constraint name="C646" arity="2" scope="V117 V9" reference="R0"/>
<constraint name="C647" arity="2" scope="V117 V28" reference="R0"/>
<constraint name="C648" arity="2" scope="V117 V51" reference="R0"/>
<constraint name="C649" arity="2" scope="V117 V53" reference="R0"/>
<constraint name="C650" arity="2" scope="V117 V55" reference="R0"/>
<constraint name="C651" arity="2" scope="V117 V69" reference="R0"/>
<constraint name="C652" arity="2" scope="V117 V92" reference="R0"/>
<constraint name="C653" arity="2" scope="V117 V108" reference="R0"/>
<constraint name="C654" arity="2" scope="V117 V109" reference="R0"/>
<constraint name="C655" arity="2" scope="V117 V114" reference="R0"/>
<constraint name="C656" arity="2" scope="V118 V12" reference="R0"/>
<constraint name="C657" arity="2" scope="V118 V30" reference="R0"/>
<constraint name="C658" arity="2" scope="V118 V39" reference="R0"/>
<constraint name="C659" arity="2" scope="V118 V54" reference="R0"/>
<constraint name="C660" arity="2" scope="V118 V57" reference="R0"/>
<constraint name="C661" arity="2" scope="V118 V63" reference="R0"/>
<constraint name="C662" arity="2" scope="V118 V67" reference="R0"/>
<constraint name="C663" arity="2" scope="V118 V70" reference="R0"/>
<constraint name="C664" arity="2" scope="V118 V107" reference="R0"/>
<constraint name="C665" arity="2" scope="V118 V113" reference="R0"/>
<constraint name="C666" arity="2" scope="V118 V115" reference="R0"/>
<constraint name="C667" arity="2" scope="V118 V116" reference="R0"/>
<constraint name="C668" arity="2" scope="V118 V117" reference="R0"/>
<constraint name="C669" arity="2" scope="V119 V0" reference="R0"/>
<constraint name="C670" arity="2" scope="V119 V5" reference="R0"/>
<constraint name="C671" arity="2" scope="V119 V21" reference="R0"/>
<constraint name="C672" arity="2" scope="V119 V23" reference="R0"/>
<constraint name="C673" arity="2" scope="V119 V26" reference="R0"/>
<constraint name="C674" arity="2" scope="V119 V43" reference="R0"/>
<constraint name="C675" arity="2" scope="V119 V46" reference="R0"/>
<constraint name="C676" arity="2" scope="V119 V90" reference="R0"/>
<constraint name="C677" arity="2" scope="V119 V98" reference="R0"/>
<constraint name="C678" arity="2" scope="V120 V4" reference="R0"/>
<constraint name="C679" arity="2" scope="V120 V10" reference="R0"/>
<constraint name="C680" arity="2" scope="V120 V32" reference="R0"/>
<constraint name="C681" arity="2" scope="V120 V51" reference="R0"/>
<constraint name="C682" arity="2" scope="V120 V63" reference="R0"/>
<constraint name="C683" arity="2" scope="V120 V92" reference="R0"/>
<constraint name="C684" arity="2" scope="V120 V112" reference="R0"/>
<constraint name="C685" arity="2" scope="V120 V117" reference="R0"/>
<constraint name="C686" arity="2" scope="V121 V10" reference="R0"/>
<constraint name="C687" arity="2" scope="V121 V16" reference="R0"/>
<constraint name="C688" arity="2" scope="V121 V40" reference="R0"/>
<constraint name="C689" arity="2" scope="V121 V41" reference="R0"/>
<constraint name="C690" arity="2" scope="V121 V43" reference="R0"/>
<constraint name="C691" arity="2" scope="V121 V44" reference="R0"/>
<constraint name="C692" arity="2" scope="V121 V50" reference="R0"/>
<constraint name="C693" arity="2" scope="V121 V52" reference="R0"/>
<constraint name="C694" arity="2" scope="V121 V58" reference="R0"/>
<constraint name="C695" arity="2" scope="V121 V65" reference="R0"/>
<constraint name="C696" arity="2" scope="V121 V83" reference="R0"/>
<constraint name="C697" arity="2" scope="V121 V88" reference="R0"/>
<constraint name="C698" arity="2" scope="V121 V95" reference="R0"/>
<constraint name="C699" arity="2" scope="V121 V100" reference="R0"/>
<constraint name="C700" arity="2" scope="V121 V103" reference="R0"/>
<constraint name="C701" arity="2" scope="V121 V106" reference="R0"/>
<constraint name="C702" arity="2" scope="V121 V107" reference="R0"/>
<constraint name="C703" arity="2" scope="V122 V0" reference="R0"/>
<constraint name="C704" arity="2" scope="V122 V5" reference="R0"/>
<constraint name="C705" arity="2" scope="V122 V17" reference="R0"/>
<constraint name="C706" arity="2" scope="V122 V22" reference="R0"/>
<constraint name="C707" arity="2" scope="V122 V62" reference="R0"/>
<constraint name="C708" arity="2" scope="V122 V80" reference="R0"/>
<constraint name="C709" arity="2" scope="V122 V82" reference="R0"/>
<constraint name="C710" arity="2" scope="V122 V87" reference="R0"/>
<constraint name="C711" arity="2" scope="V122 V91" reference="R0"/>
<constraint name="C712" arity="2" scope="V122 V92" reference="R0"/>
<constraint name="C713" arity="2" scope="V122 V115" reference="R0"/>
<constraint name="C714" arity="2" scope="V123 V19" reference="R0"/>
<constraint name="C715" arity="2" scope="V123 V26" reference="R0"/>
<constraint name="C716" arity="2" scope="V123 V32" reference="R0"/>
<constraint name="C717" arity="2" scope="V123 V39" reference="R0"/>
<constraint name="C718" arity="2" scope="V123 V46" reference="R0"/>
<constraint name="C719" arity="2" scope="V123 V54" reference="R0"/>
<constraint name="C720" arity="2" scope="V123 V62" reference="R0"/>
<constraint name="C721" arity="2" scope="V123 V71" reference="R0"/>
<constraint name="C722" arity="2" scope="V123 V101" reference="R0"/>
<constraint name="C723" arity="2" scope="V123 V104" reference="R0"/>
<constraint name="C724" arity="2" scope="V123 V109" reference="R0"/>
<constraint name="C725" arity="2" scope="V123 V116" reference="R0"/>
<constraint name="C726" arity="2" scope="V123 V121" reference="R0"/>
<constraint name="C727" arity="2" scope="V124 V33" reference="R0"/>
<constraint name="C728" arity="2" scope="V124 V48" reference="R0"/>
<constraint name="C729" arity="2" scope="V124 V59" reference="R0"/>
<constraint name="C730" arity="2" scope="V124 V61" reference="R0"/>
<constraint name="C731" arity="2" scope="V124 V79" reference="R0"/>
<constraint name="C732" arity="2" scope="V124 V84" reference="R0"/>
<constraint name="C733" arity="2" scope="V124 V98" reference="R0"/>
<constraint name="C734" arity="2" scope="V124 V104" reference="R0"/>
<constraint name="C735" arity="2" scope="V124 V109" reference="R0"/>
</constraints>
</instance>
