<?xml version="1.0" encoding="UTF-8"?>

<instance>
<presentation name="?" maxConstraintArity="2" format="XCSP 2.0"/>

<domains nbDomains="1">
<domain name="D0" nbValues="4">0..3</domain>
</domains>

<variables nbVariables="30">
<variable name="V0" domain="D0"/>
<variable name="V1" domain="D0"/>
<variable name="V2" domain="D0"/>
<variable name="V3" domain="D0"/>
<variable name="V4" domain="D0"/>
<variable name="V5" domain="D0"/>
<variable name="V6" domain="D0"/>
<variable name="V7" domain="D0"/>
<variable name="V8" domain="D0"/>
<variable name="V9" domain="D0"/>
<variable name="V10" domain="D0"/>
<variable name="V11" domain="D0"/>
<variable name="V12" domain="D0"/>
<variable name="V13" domain="D0"/>
<variable name="V14" domain="D0"/>
<variable name="V15" domain="D0"/>
<variable name="V16" domain="D0"/>
<variable name="V17" domain="D0"/>
<variable name="V18" domain="D0"/>
<variable name="V19" domain="D0"/>
<variable name="V20" domain="D0"/>
<variable name="V21" domain="D0"/>
<variable name="V22" domain="D0"/>
<variable name="V23" domain="D0"/>
<variable name="V24" domain="D0"/>
<variable name="V25" domain="D0"/>
<variable name="V26" domain="D0"/>
<variable name="V27" domain="D0"/>
<variable name="V28" domain="D0"/>
<variable name="V29" domain="D0"/>
</variables>

<relations nbRelations="1">
<relation name="R0" arity="2" nbTuples="4" semantics="conflicts">0 0|1 1|2 2|3 3</relation>
</relations>

<constraints nbConstraints="81">
<constraint name="C0" arity="2" scope="V0 V5" reference="R0"/>
<constraint name="C1" arity="2" scope="V0 V15" reference="R0"/>
<constraint name="C2" arity="2" scope="V0 V17" reference="R0"/>
<constraint name="C3" arity="2" scope="V0 V18" reference="R0"/>
<constraint name="C4" arity="2" scope="V0 V23" reference="R0"/>
<constraint name="C5" arity="2" scope="V0 V24" reference="R0"/>
<constraint name="C6" arity="2" scope="V1 V4" reference="R0"/>
<constraint name="C7" arity="2" scope="V1 V21" reference="R0"/>
<constraint name="C8" arity="2" scope="V1 V27" reference="R0"/>
<constraint name="C9" arity="2" scope="V2 V3" reference="R0"/>
<constraint name="C10" arity="2" scope="V2 V6" reference="R0"/>
<constraint name="C11" arity="2" scope="V2 V8" reference="R0"/>
<constraint name="C12" arity="2" scope="V2 V14" reference="R0"/>
<constraint name="C13" arity="2" scope="V2 V19" reference="R0"/>
<constraint name="C14" arity="2" scope="V2 V25" reference="R0"/>
<constraint name="C15" arity="2" scope="V3 V6" reference="R0"/>
<constraint name="C16" arity="2" scope="V3 V7" reference="R0"/>
<constraint name="C17" arity="2" scope="V3 V8" reference="R0"/>
<constraint name="C18" arity="2" scope="V3 V14" reference="R0"/>
<constraint name="C19" arity="2" scope="V3 V19" reference="R0"/>
<constraint name="C20" arity="2" scope="V3 V21" reference="R0"/>
<constraint name="C21" arity="2" scope="V3 V25" reference="R0"/>
<constraint name="C22" arity="2" scope="V4 V9" reference="R0"/>
<constraint name="C23" arity="2" scope="V4 V13" reference="R0"/>
<constraint name="C24" arity="2" scope="V4 V27" reference="R0"/>
<constraint name="C25" arity="2" scope="V5 V15" reference="R0"/>
<constraint name="C26" arity="2" scope="V5 V17" reference="R0"/>
<constraint name="C27" arity="2" scope="V5 V18" reference="R0"/>
<constraint name="C28" arity="2" scope="V5 V23" reference="R0"/>
<constraint name="C29" arity="2" scope="V6 V7" reference="R0"/>
<constraint name="C30" arity="2" scope="V6 V8" reference="R0"/>
<constraint name="C31" arity="2" scope="V6 V10" reference="R0"/>
<constraint name="C32" arity="2" scope="V6 V14" reference="R0"/>
<constraint name="C33" arity="2" scope="V6 V21" reference="R0"/>
<constraint name="C34" arity="2" scope="V6 V25" reference="R0"/>
<constraint name="C35" arity="2" scope="V6 V29" reference="R0"/>
<constraint name="C36" arity="2" scope="V7 V8" reference="R0"/>
<constraint name="C37" arity="2" scope="V7 V10" reference="R0"/>
<constraint name="C38" arity="2" scope="V7 V11" reference="R0"/>
<constraint name="C39" arity="2" scope="V7 V19" reference="R0"/>
<constraint name="C40" arity="2" scope="V7 V21" reference="R0"/>
<constraint name="C41" arity="2" scope="V7 V26" reference="R0"/>
<constraint name="C42" arity="2" scope="V7 V28" reference="R0"/>
<constraint name="C43" arity="2" scope="V7 V29" reference="R0"/>
<constraint name="C44" arity="2" scope="V8 V10" reference="R0"/>
<constraint name="C45" arity="2" scope="V8 V14" reference="R0"/>
<constraint name="C46" arity="2" scope="V8 V19" reference="R0"/>
<constraint name="C47" arity="2" scope="V8 V21" reference="R0"/>
<constraint name="C48" arity="2" scope="V8 V25" reference="R0"/>
<constraint name="C49" arity="2" scope="V8 V26" reference="R0"/>
<constraint name="C50" arity="2" scope="V9 V13" reference="R0"/>
<constraint name="C51" arity="2" scope="V9 V27" reference="R0"/>
<constraint name="C52" arity="2" scope="V10 V11" reference="R0"/>
<constraint name="C53" arity="2" scope="V10 V19" reference="R0"/>
<constraint name="C54" arity="2" scope="V10 V21" reference="R0"/>
<constraint name="C55" arity="2" scope="V10 V26" reference="R0"/>
<constraint name="C56" arity="2" scope="V10 V28" reference="R0"/>
<constraint name="C57" arity="2" scope="V10 V29" reference="R0"/>
<constraint name="C58" arity="2" scope="V11 V28" reference="R0"/>
<constraint name="C59" arity="2" scope="V11 V29" reference="R0"/>
<constraint name="C60" arity="2" scope="V12 V20" reference="R0"/>
<constraint name="C61" arity="2" scope="V12 V28" reference="R0"/>
<constraint name="C62" arity="2" scope="V13 V27" reference="R0"/>
<constraint name="C63" arity="2" scope="V14 V25" reference="R0"/>
<constraint name="C64" arity="2" scope="V15 V16" reference="R0"/>
<constraint name="C65" arity="2" scope="V15 V17" reference="R0"/>
<constraint name="C66" arity="2" scope="V15 V22" reference="R0"/>
<constraint name="C67" arity="2" scope="V15 V24" reference="R0"/>
<constraint name="C68" arity="2" scope="V16 V22" reference="R0"/>
<constraint name="C69" arity="2" scope="V16 V24" reference="R0"/>
<constraint name="C70" arity="2" scope="V16 V27" reference="R0"/>
<constraint name="C71" arity="2" scope="V17 V18" reference="R0"/>
<constraint name="C72" arity="2" scope="V17 V23" reference="R0"/>
<constraint name="C73" arity="2" scope="V17 V24" reference="R0"/>
<constraint name="C74" arity="2" scope="V18 V23" reference="R0"/>
<constraint name="C75" arity="2" scope="V19 V26" reference="R0"/>
<constraint name="C76" arity="2" scope="V20 V26" reference="R0"/>
<constraint name="C77" arity="2" scope="V21 V29" reference="R0"/>
<constraint name="C78" arity="2" scope="V22 V24" reference="R0"/>
<constraint name="C79" arity="2" scope="V26 V28" reference="R0"/>
<constraint name="C80" arity="2" scope="V28 V29" reference="R0"/>
</constraints>
</instance>
