<?xml version="1.0" encoding="UTF-8"?>

<instance>
<presentation name="?" maxConstraintArity="2" format="XCSP 2.0"/>

<domains nbDomains="1">
<domain name="D0" nbValues="4">0..3</domain>
</domains>

<variables nbVariables="11">
<variable name="V0" domain="D0"/>
<variable name="V1" domain="D0"/>
<variable name="V2" domain="D0"/>
<variable name="V3" domain="D0"/>
<variable name="V4" domain="D0"/>
<variable name="V5" domain="D0"/>
<variable name="V6" domain="D0"/>
<variable name="V7" domain="D0"/>
<variable name="V8" domain="D0"/>
<variable name="V9" domain="D0"/>
<variable name="V10" domain="D0"/>
</variables>

<predicates nbPredicates="1">
<predicate name="P0">
  <parameters>int X0 int X1</parameters>
  <expression> 
    <functional>ne(X0,X1)</functional>
  </expression>
</predicate>
</predicates>

<constraints nbConstraints="20">
<constraint name="C0" arity="2" scope="V0 V1" reference="P0">
  <parameters>V0 V1</parameters>
</constraint>
<constraint name="C1" arity="2" scope="V0 V3" reference="P0">
  <parameters>V0 V3</parameters>
</constraint>
<constraint name="C2" arity="2" scope="V0 V6" reference="P0">
  <parameters>V0 V6</parameters>
</constraint>
<constraint name="C3" arity="2" scope="V0 V8" reference="P0">
  <parameters>V0 V8</parameters>
</constraint>
<constraint name="C4" arity="2" scope="V1 V2" reference="P0">
  <parameters>V1 V2</parameters>
</constraint>
<constraint name="C5" arity="2" scope="V1 V5" reference="P0">
  <parameters>V1 V5</parameters>
</constraint>
<constraint name="C6" arity="2" scope="V1 V7" reference="P0">
  <parameters>V1 V7</parameters>
</constraint>
<constraint name="C7" arity="2" scope="V2 V4" reference="P0">
  <parameters>V2 V4</parameters>
</constraint>
<constraint name="C8" arity="2" scope="V2 V6" reference="P0">
  <parameters>V2 V6</parameters>
</constraint>
<constraint name="C9" arity="2" scope="V2 V9" reference="P0">
  <parameters>V2 V9</parameters>
</constraint>
<constraint name="C10" arity="2" scope="V3 V4" reference="P0">
  <parameters>V3 V4</parameters>
</constraint>
<constraint name="C11" arity="2" scope="V3 V5" reference="P0">
  <parameters>V3 V5</parameters>
</constraint>
<constraint name="C12" arity="2" scope="V3 V9" reference="P0">
  <parameters>V3 V9</parameters>
</constraint>
<constraint name="C13" arity="2" scope="V4 V7" reference="P0">
  <parameters>V4 V7</parameters>
</constraint>
<constraint name="C14" arity="2" scope="V4 V8" reference="P0">
  <parameters>V4 V8</parameters>
</constraint>
<constraint name="C15" arity="2" scope="V5 V10" reference="P0">
  <parameters>V5 V10</parameters>
</constraint>
<constraint name="C16" arity="2" scope="V6 V10" reference="P0">
  <parameters>V6 V10</parameters>
</constraint>
<constraint name="C17" arity="2" scope="V7 V10" reference="P0">
  <parameters>V7 V10</parameters>
</constraint>
<constraint name="C18" arity="2" scope="V8 V10" reference="P0">
  <parameters>V8 V10</parameters>
</constraint>
<constraint name="C19" arity="2" scope="V9 V10" reference="P0">
  <parameters>V9 V10</parameters>
</constraint>
</constraints>
</instance>
