<?xml version="1.0" encoding="UTF-8"?>

<instance>
<presentation name="?" maxConstraintArity="2" format="XCSP 2.0"/>

<domains nbDomains="1">
<domain name="D0" nbValues="4">0..3</domain>
</domains>

<variables nbVariables="47">
<variable name="V0" domain="D0"/>
<variable name="V1" domain="D0"/>
<variable name="V2" domain="D0"/>
<variable name="V3" domain="D0"/>
<variable name="V4" domain="D0"/>
<variable name="V5" domain="D0"/>
<variable name="V6" domain="D0"/>
<variable name="V7" domain="D0"/>
<variable name="V8" domain="D0"/>
<variable name="V9" domain="D0"/>
<variable name="V10" domain="D0"/>
<variable name="V11" domain="D0"/>
<variable name="V12" domain="D0"/>
<variable name="V13" domain="D0"/>
<variable name="V14" domain="D0"/>
<variable name="V15" domain="D0"/>
<variable name="V16" domain="D0"/>
<variable name="V17" domain="D0"/>
<variable name="V18" domain="D0"/>
<variable name="V19" domain="D0"/>
<variable name="V20" domain="D0"/>
<variable name="V21" domain="D0"/>
<variable name="V22" domain="D0"/>
<variable name="V23" domain="D0"/>
<variable name="V24" domain="D0"/>
<variable name="V25" domain="D0"/>
<variable name="V26" domain="D0"/>
<variable name="V27" domain="D0"/>
<variable name="V28" domain="D0"/>
<variable name="V29" domain="D0"/>
<variable name="V30" domain="D0"/>
<variable name="V31" domain="D0"/>
<variable name="V32" domain="D0"/>
<variable name="V33" domain="D0"/>
<variable name="V34" domain="D0"/>
<variable name="V35" domain="D0"/>
<variable name="V36" domain="D0"/>
<variable name="V37" domain="D0"/>
<variable name="V38" domain="D0"/>
<variable name="V39" domain="D0"/>
<variable name="V40" domain="D0"/>
<variable name="V41" domain="D0"/>
<variable name="V42" domain="D0"/>
<variable name="V43" domain="D0"/>
<variable name="V44" domain="D0"/>
<variable name="V45" domain="D0"/>
<variable name="V46" domain="D0"/>
</variables>

<predicates nbPredicates="1">
<predicate name="P0">
  <parameters>int X0 int X1</parameters>
  <expression> 
    <functional>ne(X0,X1)</functional>
  </expression>
</predicate>
</predicates>

<constraints nbConstraints="236">
<constraint name="C0" arity="2" scope="V0 V1" reference="P0">
  <parameters>V0 V1</parameters>
</constraint>
<constraint name="C1" arity="2" scope="V0 V3" reference="P0">
  <parameters>V0 V3</parameters>
</constraint>
<constraint name="C2" arity="2" scope="V0 V6" reference="P0">
  <parameters>V0 V6</parameters>
</constraint>
<constraint name="C3" arity="2" scope="V0 V8" reference="P0">
  <parameters>V0 V8</parameters>
</constraint>
<constraint name="C4" arity="2" scope="V0 V12" reference="P0">
  <parameters>V0 V12</parameters>
</constraint>
<constraint name="C5" arity="2" scope="V0 V14" reference="P0">
  <parameters>V0 V14</parameters>
</constraint>
<constraint name="C6" arity="2" scope="V0 V17" reference="P0">
  <parameters>V0 V17</parameters>
</constraint>
<constraint name="C7" arity="2" scope="V0 V19" reference="P0">
  <parameters>V0 V19</parameters>
</constraint>
<constraint name="C8" arity="2" scope="V0 V24" reference="P0">
  <parameters>V0 V24</parameters>
</constraint>
<constraint name="C9" arity="2" scope="V0 V26" reference="P0">
  <parameters>V0 V26</parameters>
</constraint>
<constraint name="C10" arity="2" scope="V0 V29" reference="P0">
  <parameters>V0 V29</parameters>
</constraint>
<constraint name="C11" arity="2" scope="V0 V31" reference="P0">
  <parameters>V0 V31</parameters>
</constraint>
<constraint name="C12" arity="2" scope="V0 V35" reference="P0">
  <parameters>V0 V35</parameters>
</constraint>
<constraint name="C13" arity="2" scope="V0 V37" reference="P0">
  <parameters>V0 V37</parameters>
</constraint>
<constraint name="C14" arity="2" scope="V0 V40" reference="P0">
  <parameters>V0 V40</parameters>
</constraint>
<constraint name="C15" arity="2" scope="V0 V42" reference="P0">
  <parameters>V0 V42</parameters>
</constraint>
<constraint name="C16" arity="2" scope="V1 V2" reference="P0">
  <parameters>V1 V2</parameters>
</constraint>
<constraint name="C17" arity="2" scope="V1 V5" reference="P0">
  <parameters>V1 V5</parameters>
</constraint>
<constraint name="C18" arity="2" scope="V1 V7" reference="P0">
  <parameters>V1 V7</parameters>
</constraint>
<constraint name="C19" arity="2" scope="V1 V11" reference="P0">
  <parameters>V1 V11</parameters>
</constraint>
<constraint name="C20" arity="2" scope="V1 V13" reference="P0">
  <parameters>V1 V13</parameters>
</constraint>
<constraint name="C21" arity="2" scope="V1 V16" reference="P0">
  <parameters>V1 V16</parameters>
</constraint>
<constraint name="C22" arity="2" scope="V1 V18" reference="P0">
  <parameters>V1 V18</parameters>
</constraint>
<constraint name="C23" arity="2" scope="V1 V23" reference="P0">
  <parameters>V1 V23</parameters>
</constraint>
<constraint name="C24" arity="2" scope="V1 V25" reference="P0">
  <parameters>V1 V25</parameters>
</constraint>
<constraint name="C25" arity="2" scope="V1 V28" reference="P0">
  <parameters>V1 V28</parameters>
</constraint>
<constraint name="C26" arity="2" scope="V1 V30" reference="P0">
  <parameters>V1 V30</parameters>
</constraint>
<constraint name="C27" arity="2" scope="V1 V34" reference="P0">
  <parameters>V1 V34</parameters>
</constraint>
<constraint name="C28" arity="2" scope="V1 V36" reference="P0">
  <parameters>V1 V36</parameters>
</constraint>
<constraint name="C29" arity="2" scope="V1 V39" reference="P0">
  <parameters>V1 V39</parameters>
</constraint>
<constraint name="C30" arity="2" scope="V1 V41" reference="P0">
  <parameters>V1 V41</parameters>
</constraint>
<constraint name="C31" arity="2" scope="V2 V4" reference="P0">
  <parameters>V2 V4</parameters>
</constraint>
<constraint name="C32" arity="2" scope="V2 V6" reference="P0">
  <parameters>V2 V6</parameters>
</constraint>
<constraint name="C33" arity="2" scope="V2 V9" reference="P0">
  <parameters>V2 V9</parameters>
</constraint>
<constraint name="C34" arity="2" scope="V2 V12" reference="P0">
  <parameters>V2 V12</parameters>
</constraint>
<constraint name="C35" arity="2" scope="V2 V15" reference="P0">
  <parameters>V2 V15</parameters>
</constraint>
<constraint name="C36" arity="2" scope="V2 V17" reference="P0">
  <parameters>V2 V17</parameters>
</constraint>
<constraint name="C37" arity="2" scope="V2 V20" reference="P0">
  <parameters>V2 V20</parameters>
</constraint>
<constraint name="C38" arity="2" scope="V2 V24" reference="P0">
  <parameters>V2 V24</parameters>
</constraint>
<constraint name="C39" arity="2" scope="V2 V27" reference="P0">
  <parameters>V2 V27</parameters>
</constraint>
<constraint name="C40" arity="2" scope="V2 V29" reference="P0">
  <parameters>V2 V29</parameters>
</constraint>
<constraint name="C41" arity="2" scope="V2 V32" reference="P0">
  <parameters>V2 V32</parameters>
</constraint>
<constraint name="C42" arity="2" scope="V2 V35" reference="P0">
  <parameters>V2 V35</parameters>
</constraint>
<constraint name="C43" arity="2" scope="V2 V38" reference="P0">
  <parameters>V2 V38</parameters>
</constraint>
<constraint name="C44" arity="2" scope="V2 V40" reference="P0">
  <parameters>V2 V40</parameters>
</constraint>
<constraint name="C45" arity="2" scope="V2 V43" reference="P0">
  <parameters>V2 V43</parameters>
</constraint>
<constraint name="C46" arity="2" scope="V3 V4" reference="P0">
  <parameters>V3 V4</parameters>
</constraint>
<constraint name="C47" arity="2" scope="V3 V5" reference="P0">
  <parameters>V3 V5</parameters>
</constraint>
<constraint name="C48" arity="2" scope="V3 V9" reference="P0">
  <parameters>V3 V9</parameters>
</constraint>
<constraint name="C49" arity="2" scope="V3 V11" reference="P0">
  <parameters>V3 V11</parameters>
</constraint>
<constraint name="C50" arity="2" scope="V3 V15" reference="P0">
  <parameters>V3 V15</parameters>
</constraint>
<constraint name="C51" arity="2" scope="V3 V16" reference="P0">
  <parameters>V3 V16</parameters>
</constraint>
<constraint name="C52" arity="2" scope="V3 V20" reference="P0">
  <parameters>V3 V20</parameters>
</constraint>
<constraint name="C53" arity="2" scope="V3 V23" reference="P0">
  <parameters>V3 V23</parameters>
</constraint>
<constraint name="C54" arity="2" scope="V3 V27" reference="P0">
  <parameters>V3 V27</parameters>
</constraint>
<constraint name="C55" arity="2" scope="V3 V28" reference="P0">
  <parameters>V3 V28</parameters>
</constraint>
<constraint name="C56" arity="2" scope="V3 V32" reference="P0">
  <parameters>V3 V32</parameters>
</constraint>
<constraint name="C57" arity="2" scope="V3 V34" reference="P0">
  <parameters>V3 V34</parameters>
</constraint>
<constraint name="C58" arity="2" scope="V3 V38" reference="P0">
  <parameters>V3 V38</parameters>
</constraint>
<constraint name="C59" arity="2" scope="V3 V39" reference="P0">
  <parameters>V3 V39</parameters>
</constraint>
<constraint name="C60" arity="2" scope="V3 V43" reference="P0">
  <parameters>V3 V43</parameters>
</constraint>
<constraint name="C61" arity="2" scope="V4 V7" reference="P0">
  <parameters>V4 V7</parameters>
</constraint>
<constraint name="C62" arity="2" scope="V4 V8" reference="P0">
  <parameters>V4 V8</parameters>
</constraint>
<constraint name="C63" arity="2" scope="V4 V13" reference="P0">
  <parameters>V4 V13</parameters>
</constraint>
<constraint name="C64" arity="2" scope="V4 V14" reference="P0">
  <parameters>V4 V14</parameters>
</constraint>
<constraint name="C65" arity="2" scope="V4 V18" reference="P0">
  <parameters>V4 V18</parameters>
</constraint>
<constraint name="C66" arity="2" scope="V4 V19" reference="P0">
  <parameters>V4 V19</parameters>
</constraint>
<constraint name="C67" arity="2" scope="V4 V25" reference="P0">
  <parameters>V4 V25</parameters>
</constraint>
<constraint name="C68" arity="2" scope="V4 V26" reference="P0">
  <parameters>V4 V26</parameters>
</constraint>
<constraint name="C69" arity="2" scope="V4 V30" reference="P0">
  <parameters>V4 V30</parameters>
</constraint>
<constraint name="C70" arity="2" scope="V4 V31" reference="P0">
  <parameters>V4 V31</parameters>
</constraint>
<constraint name="C71" arity="2" scope="V4 V36" reference="P0">
  <parameters>V4 V36</parameters>
</constraint>
<constraint name="C72" arity="2" scope="V4 V37" reference="P0">
  <parameters>V4 V37</parameters>
</constraint>
<constraint name="C73" arity="2" scope="V4 V41" reference="P0">
  <parameters>V4 V41</parameters>
</constraint>
<constraint name="C74" arity="2" scope="V4 V42" reference="P0">
  <parameters>V4 V42</parameters>
</constraint>
<constraint name="C75" arity="2" scope="V5 V10" reference="P0">
  <parameters>V5 V10</parameters>
</constraint>
<constraint name="C76" arity="2" scope="V5 V12" reference="P0">
  <parameters>V5 V12</parameters>
</constraint>
<constraint name="C77" arity="2" scope="V5 V14" reference="P0">
  <parameters>V5 V14</parameters>
</constraint>
<constraint name="C78" arity="2" scope="V5 V21" reference="P0">
  <parameters>V5 V21</parameters>
</constraint>
<constraint name="C79" arity="2" scope="V5 V24" reference="P0">
  <parameters>V5 V24</parameters>
</constraint>
<constraint name="C80" arity="2" scope="V5 V26" reference="P0">
  <parameters>V5 V26</parameters>
</constraint>
<constraint name="C81" arity="2" scope="V5 V33" reference="P0">
  <parameters>V5 V33</parameters>
</constraint>
<constraint name="C82" arity="2" scope="V5 V35" reference="P0">
  <parameters>V5 V35</parameters>
</constraint>
<constraint name="C83" arity="2" scope="V5 V37" reference="P0">
  <parameters>V5 V37</parameters>
</constraint>
<constraint name="C84" arity="2" scope="V5 V44" reference="P0">
  <parameters>V5 V44</parameters>
</constraint>
<constraint name="C85" arity="2" scope="V6 V10" reference="P0">
  <parameters>V6 V10</parameters>
</constraint>
<constraint name="C86" arity="2" scope="V6 V11" reference="P0">
  <parameters>V6 V11</parameters>
</constraint>
<constraint name="C87" arity="2" scope="V6 V13" reference="P0">
  <parameters>V6 V13</parameters>
</constraint>
<constraint name="C88" arity="2" scope="V6 V21" reference="P0">
  <parameters>V6 V21</parameters>
</constraint>
<constraint name="C89" arity="2" scope="V6 V23" reference="P0">
  <parameters>V6 V23</parameters>
</constraint>
<constraint name="C90" arity="2" scope="V6 V25" reference="P0">
  <parameters>V6 V25</parameters>
</constraint>
<constraint name="C91" arity="2" scope="V6 V33" reference="P0">
  <parameters>V6 V33</parameters>
</constraint>
<constraint name="C92" arity="2" scope="V6 V34" reference="P0">
  <parameters>V6 V34</parameters>
</constraint>
<constraint name="C93" arity="2" scope="V6 V36" reference="P0">
  <parameters>V6 V36</parameters>
</constraint>
<constraint name="C94" arity="2" scope="V6 V44" reference="P0">
  <parameters>V6 V44</parameters>
</constraint>
<constraint name="C95" arity="2" scope="V7 V10" reference="P0">
  <parameters>V7 V10</parameters>
</constraint>
<constraint name="C96" arity="2" scope="V7 V12" reference="P0">
  <parameters>V7 V12</parameters>
</constraint>
<constraint name="C97" arity="2" scope="V7 V15" reference="P0">
  <parameters>V7 V15</parameters>
</constraint>
<constraint name="C98" arity="2" scope="V7 V21" reference="P0">
  <parameters>V7 V21</parameters>
</constraint>
<constraint name="C99" arity="2" scope="V7 V24" reference="P0">
  <parameters>V7 V24</parameters>
</constraint>
<constraint name="C100" arity="2" scope="V7 V27" reference="P0">
  <parameters>V7 V27</parameters>
</constraint>
<constraint name="C101" arity="2" scope="V7 V33" reference="P0">
  <parameters>V7 V33</parameters>
</constraint>
<constraint name="C102" arity="2" scope="V7 V35" reference="P0">
  <parameters>V7 V35</parameters>
</constraint>
<constraint name="C103" arity="2" scope="V7 V38" reference="P0">
  <parameters>V7 V38</parameters>
</constraint>
<constraint name="C104" arity="2" scope="V7 V44" reference="P0">
  <parameters>V7 V44</parameters>
</constraint>
<constraint name="C105" arity="2" scope="V8 V10" reference="P0">
  <parameters>V8 V10</parameters>
</constraint>
<constraint name="C106" arity="2" scope="V8 V11" reference="P0">
  <parameters>V8 V11</parameters>
</constraint>
<constraint name="C107" arity="2" scope="V8 V15" reference="P0">
  <parameters>V8 V15</parameters>
</constraint>
<constraint name="C108" arity="2" scope="V8 V21" reference="P0">
  <parameters>V8 V21</parameters>
</constraint>
<constraint name="C109" arity="2" scope="V8 V23" reference="P0">
  <parameters>V8 V23</parameters>
</constraint>
<constraint name="C110" arity="2" scope="V8 V27" reference="P0">
  <parameters>V8 V27</parameters>
</constraint>
<constraint name="C111" arity="2" scope="V8 V33" reference="P0">
  <parameters>V8 V33</parameters>
</constraint>
<constraint name="C112" arity="2" scope="V8 V34" reference="P0">
  <parameters>V8 V34</parameters>
</constraint>
<constraint name="C113" arity="2" scope="V8 V38" reference="P0">
  <parameters>V8 V38</parameters>
</constraint>
<constraint name="C114" arity="2" scope="V8 V44" reference="P0">
  <parameters>V8 V44</parameters>
</constraint>
<constraint name="C115" arity="2" scope="V9 V10" reference="P0">
  <parameters>V9 V10</parameters>
</constraint>
<constraint name="C116" arity="2" scope="V9 V13" reference="P0">
  <parameters>V9 V13</parameters>
</constraint>
<constraint name="C117" arity="2" scope="V9 V14" reference="P0">
  <parameters>V9 V14</parameters>
</constraint>
<constraint name="C118" arity="2" scope="V9 V21" reference="P0">
  <parameters>V9 V21</parameters>
</constraint>
<constraint name="C119" arity="2" scope="V9 V25" reference="P0">
  <parameters>V9 V25</parameters>
</constraint>
<constraint name="C120" arity="2" scope="V9 V26" reference="P0">
  <parameters>V9 V26</parameters>
</constraint>
<constraint name="C121" arity="2" scope="V9 V33" reference="P0">
  <parameters>V9 V33</parameters>
</constraint>
<constraint name="C122" arity="2" scope="V9 V36" reference="P0">
  <parameters>V9 V36</parameters>
</constraint>
<constraint name="C123" arity="2" scope="V9 V37" reference="P0">
  <parameters>V9 V37</parameters>
</constraint>
<constraint name="C124" arity="2" scope="V9 V44" reference="P0">
  <parameters>V9 V44</parameters>
</constraint>
<constraint name="C125" arity="2" scope="V10 V16" reference="P0">
  <parameters>V10 V16</parameters>
</constraint>
<constraint name="C126" arity="2" scope="V10 V17" reference="P0">
  <parameters>V10 V17</parameters>
</constraint>
<constraint name="C127" arity="2" scope="V10 V18" reference="P0">
  <parameters>V10 V18</parameters>
</constraint>
<constraint name="C128" arity="2" scope="V10 V19" reference="P0">
  <parameters>V10 V19</parameters>
</constraint>
<constraint name="C129" arity="2" scope="V10 V20" reference="P0">
  <parameters>V10 V20</parameters>
</constraint>
<constraint name="C130" arity="2" scope="V10 V28" reference="P0">
  <parameters>V10 V28</parameters>
</constraint>
<constraint name="C131" arity="2" scope="V10 V29" reference="P0">
  <parameters>V10 V29</parameters>
</constraint>
<constraint name="C132" arity="2" scope="V10 V30" reference="P0">
  <parameters>V10 V30</parameters>
</constraint>
<constraint name="C133" arity="2" scope="V10 V31" reference="P0">
  <parameters>V10 V31</parameters>
</constraint>
<constraint name="C134" arity="2" scope="V10 V32" reference="P0">
  <parameters>V10 V32</parameters>
</constraint>
<constraint name="C135" arity="2" scope="V10 V39" reference="P0">
  <parameters>V10 V39</parameters>
</constraint>
<constraint name="C136" arity="2" scope="V10 V40" reference="P0">
  <parameters>V10 V40</parameters>
</constraint>
<constraint name="C137" arity="2" scope="V10 V41" reference="P0">
  <parameters>V10 V41</parameters>
</constraint>
<constraint name="C138" arity="2" scope="V10 V42" reference="P0">
  <parameters>V10 V42</parameters>
</constraint>
<constraint name="C139" arity="2" scope="V10 V43" reference="P0">
  <parameters>V10 V43</parameters>
</constraint>
<constraint name="C140" arity="2" scope="V11 V22" reference="P0">
  <parameters>V11 V22</parameters>
</constraint>
<constraint name="C141" arity="2" scope="V11 V24" reference="P0">
  <parameters>V11 V24</parameters>
</constraint>
<constraint name="C142" arity="2" scope="V11 V26" reference="P0">
  <parameters>V11 V26</parameters>
</constraint>
<constraint name="C143" arity="2" scope="V11 V29" reference="P0">
  <parameters>V11 V29</parameters>
</constraint>
<constraint name="C144" arity="2" scope="V11 V31" reference="P0">
  <parameters>V11 V31</parameters>
</constraint>
<constraint name="C145" arity="2" scope="V11 V45" reference="P0">
  <parameters>V11 V45</parameters>
</constraint>
<constraint name="C146" arity="2" scope="V12 V22" reference="P0">
  <parameters>V12 V22</parameters>
</constraint>
<constraint name="C147" arity="2" scope="V12 V23" reference="P0">
  <parameters>V12 V23</parameters>
</constraint>
<constraint name="C148" arity="2" scope="V12 V25" reference="P0">
  <parameters>V12 V25</parameters>
</constraint>
<constraint name="C149" arity="2" scope="V12 V28" reference="P0">
  <parameters>V12 V28</parameters>
</constraint>
<constraint name="C150" arity="2" scope="V12 V30" reference="P0">
  <parameters>V12 V30</parameters>
</constraint>
<constraint name="C151" arity="2" scope="V12 V45" reference="P0">
  <parameters>V12 V45</parameters>
</constraint>
<constraint name="C152" arity="2" scope="V13 V22" reference="P0">
  <parameters>V13 V22</parameters>
</constraint>
<constraint name="C153" arity="2" scope="V13 V24" reference="P0">
  <parameters>V13 V24</parameters>
</constraint>
<constraint name="C154" arity="2" scope="V13 V27" reference="P0">
  <parameters>V13 V27</parameters>
</constraint>
<constraint name="C155" arity="2" scope="V13 V29" reference="P0">
  <parameters>V13 V29</parameters>
</constraint>
<constraint name="C156" arity="2" scope="V13 V32" reference="P0">
  <parameters>V13 V32</parameters>
</constraint>
<constraint name="C157" arity="2" scope="V13 V45" reference="P0">
  <parameters>V13 V45</parameters>
</constraint>
<constraint name="C158" arity="2" scope="V14 V22" reference="P0">
  <parameters>V14 V22</parameters>
</constraint>
<constraint name="C159" arity="2" scope="V14 V23" reference="P0">
  <parameters>V14 V23</parameters>
</constraint>
<constraint name="C160" arity="2" scope="V14 V27" reference="P0">
  <parameters>V14 V27</parameters>
</constraint>
<constraint name="C161" arity="2" scope="V14 V28" reference="P0">
  <parameters>V14 V28</parameters>
</constraint>
<constraint name="C162" arity="2" scope="V14 V32" reference="P0">
  <parameters>V14 V32</parameters>
</constraint>
<constraint name="C163" arity="2" scope="V14 V45" reference="P0">
  <parameters>V14 V45</parameters>
</constraint>
<constraint name="C164" arity="2" scope="V15 V22" reference="P0">
  <parameters>V15 V22</parameters>
</constraint>
<constraint name="C165" arity="2" scope="V15 V25" reference="P0">
  <parameters>V15 V25</parameters>
</constraint>
<constraint name="C166" arity="2" scope="V15 V26" reference="P0">
  <parameters>V15 V26</parameters>
</constraint>
<constraint name="C167" arity="2" scope="V15 V30" reference="P0">
  <parameters>V15 V30</parameters>
</constraint>
<constraint name="C168" arity="2" scope="V15 V31" reference="P0">
  <parameters>V15 V31</parameters>
</constraint>
<constraint name="C169" arity="2" scope="V15 V45" reference="P0">
  <parameters>V15 V45</parameters>
</constraint>
<constraint name="C170" arity="2" scope="V16 V22" reference="P0">
  <parameters>V16 V22</parameters>
</constraint>
<constraint name="C171" arity="2" scope="V16 V24" reference="P0">
  <parameters>V16 V24</parameters>
</constraint>
<constraint name="C172" arity="2" scope="V16 V26" reference="P0">
  <parameters>V16 V26</parameters>
</constraint>
<constraint name="C173" arity="2" scope="V16 V33" reference="P0">
  <parameters>V16 V33</parameters>
</constraint>
<constraint name="C174" arity="2" scope="V16 V45" reference="P0">
  <parameters>V16 V45</parameters>
</constraint>
<constraint name="C175" arity="2" scope="V17 V22" reference="P0">
  <parameters>V17 V22</parameters>
</constraint>
<constraint name="C176" arity="2" scope="V17 V23" reference="P0">
  <parameters>V17 V23</parameters>
</constraint>
<constraint name="C177" arity="2" scope="V17 V25" reference="P0">
  <parameters>V17 V25</parameters>
</constraint>
<constraint name="C178" arity="2" scope="V17 V33" reference="P0">
  <parameters>V17 V33</parameters>
</constraint>
<constraint name="C179" arity="2" scope="V17 V45" reference="P0">
  <parameters>V17 V45</parameters>
</constraint>
<constraint name="C180" arity="2" scope="V18 V22" reference="P0">
  <parameters>V18 V22</parameters>
</constraint>
<constraint name="C181" arity="2" scope="V18 V24" reference="P0">
  <parameters>V18 V24</parameters>
</constraint>
<constraint name="C182" arity="2" scope="V18 V27" reference="P0">
  <parameters>V18 V27</parameters>
</constraint>
<constraint name="C183" arity="2" scope="V18 V33" reference="P0">
  <parameters>V18 V33</parameters>
</constraint>
<constraint name="C184" arity="2" scope="V18 V45" reference="P0">
  <parameters>V18 V45</parameters>
</constraint>
<constraint name="C185" arity="2" scope="V19 V22" reference="P0">
  <parameters>V19 V22</parameters>
</constraint>
<constraint name="C186" arity="2" scope="V19 V23" reference="P0">
  <parameters>V19 V23</parameters>
</constraint>
<constraint name="C187" arity="2" scope="V19 V27" reference="P0">
  <parameters>V19 V27</parameters>
</constraint>
<constraint name="C188" arity="2" scope="V19 V33" reference="P0">
  <parameters>V19 V33</parameters>
</constraint>
<constraint name="C189" arity="2" scope="V19 V45" reference="P0">
  <parameters>V19 V45</parameters>
</constraint>
<constraint name="C190" arity="2" scope="V20 V22" reference="P0">
  <parameters>V20 V22</parameters>
</constraint>
<constraint name="C191" arity="2" scope="V20 V25" reference="P0">
  <parameters>V20 V25</parameters>
</constraint>
<constraint name="C192" arity="2" scope="V20 V26" reference="P0">
  <parameters>V20 V26</parameters>
</constraint>
<constraint name="C193" arity="2" scope="V20 V33" reference="P0">
  <parameters>V20 V33</parameters>
</constraint>
<constraint name="C194" arity="2" scope="V20 V45" reference="P0">
  <parameters>V20 V45</parameters>
</constraint>
<constraint name="C195" arity="2" scope="V21 V22" reference="P0">
  <parameters>V21 V22</parameters>
</constraint>
<constraint name="C196" arity="2" scope="V21 V28" reference="P0">
  <parameters>V21 V28</parameters>
</constraint>
<constraint name="C197" arity="2" scope="V21 V29" reference="P0">
  <parameters>V21 V29</parameters>
</constraint>
<constraint name="C198" arity="2" scope="V21 V30" reference="P0">
  <parameters>V21 V30</parameters>
</constraint>
<constraint name="C199" arity="2" scope="V21 V31" reference="P0">
  <parameters>V21 V31</parameters>
</constraint>
<constraint name="C200" arity="2" scope="V21 V32" reference="P0">
  <parameters>V21 V32</parameters>
</constraint>
<constraint name="C201" arity="2" scope="V21 V45" reference="P0">
  <parameters>V21 V45</parameters>
</constraint>
<constraint name="C202" arity="2" scope="V22 V34" reference="P0">
  <parameters>V22 V34</parameters>
</constraint>
<constraint name="C203" arity="2" scope="V22 V35" reference="P0">
  <parameters>V22 V35</parameters>
</constraint>
<constraint name="C204" arity="2" scope="V22 V36" reference="P0">
  <parameters>V22 V36</parameters>
</constraint>
<constraint name="C205" arity="2" scope="V22 V37" reference="P0">
  <parameters>V22 V37</parameters>
</constraint>
<constraint name="C206" arity="2" scope="V22 V38" reference="P0">
  <parameters>V22 V38</parameters>
</constraint>
<constraint name="C207" arity="2" scope="V22 V39" reference="P0">
  <parameters>V22 V39</parameters>
</constraint>
<constraint name="C208" arity="2" scope="V22 V40" reference="P0">
  <parameters>V22 V40</parameters>
</constraint>
<constraint name="C209" arity="2" scope="V22 V41" reference="P0">
  <parameters>V22 V41</parameters>
</constraint>
<constraint name="C210" arity="2" scope="V22 V42" reference="P0">
  <parameters>V22 V42</parameters>
</constraint>
<constraint name="C211" arity="2" scope="V22 V43" reference="P0">
  <parameters>V22 V43</parameters>
</constraint>
<constraint name="C212" arity="2" scope="V22 V44" reference="P0">
  <parameters>V22 V44</parameters>
</constraint>
<constraint name="C213" arity="2" scope="V23 V46" reference="P0">
  <parameters>V23 V46</parameters>
</constraint>
<constraint name="C214" arity="2" scope="V24 V46" reference="P0">
  <parameters>V24 V46</parameters>
</constraint>
<constraint name="C215" arity="2" scope="V25 V46" reference="P0">
  <parameters>V25 V46</parameters>
</constraint>
<constraint name="C216" arity="2" scope="V26 V46" reference="P0">
  <parameters>V26 V46</parameters>
</constraint>
<constraint name="C217" arity="2" scope="V27 V46" reference="P0">
  <parameters>V27 V46</parameters>
</constraint>
<constraint name="C218" arity="2" scope="V28 V46" reference="P0">
  <parameters>V28 V46</parameters>
</constraint>
<constraint name="C219" arity="2" scope="V29 V46" reference="P0">
  <parameters>V29 V46</parameters>
</constraint>
<constraint name="C220" arity="2" scope="V30 V46" reference="P0">
  <parameters>V30 V46</parameters>
</constraint>
<constraint name="C221" arity="2" scope="V31 V46" reference="P0">
  <parameters>V31 V46</parameters>
</constraint>
<constraint name="C222" arity="2" scope="V32 V46" reference="P0">
  <parameters>V32 V46</parameters>
</constraint>
<constraint name="C223" arity="2" scope="V33 V46" reference="P0">
  <parameters>V33 V46</parameters>
</constraint>
<constraint name="C224" arity="2" scope="V34 V46" reference="P0">
  <parameters>V34 V46</parameters>
</constraint>
<constraint name="C225" arity="2" scope="V35 V46" reference="P0">
  <parameters>V35 V46</parameters>
</constraint>
<constraint name="C226" arity="2" scope="V36 V46" reference="P0">
  <parameters>V36 V46</parameters>
</constraint>
<constraint name="C227" arity="2" scope="V37 V46" reference="P0">
  <parameters>V37 V46</parameters>
</constraint>
<constraint name="C228" arity="2" scope="V38 V46" reference="P0">
  <parameters>V38 V46</parameters>
</constraint>
<constraint name="C229" arity="2" scope="V39 V46" reference="P0">
  <parameters>V39 V46</parameters>
</constraint>
<constraint name="C230" arity="2" scope="V40 V46" reference="P0">
  <parameters>V40 V46</parameters>
</constraint>
<constraint name="C231" arity="2" scope="V41 V46" reference="P0">
  <parameters>V41 V46</parameters>
</constraint>
<constraint name="C232" arity="2" scope="V42 V46" reference="P0">
  <parameters>V42 V46</parameters>
</constraint>
<constraint name="C233" arity="2" scope="V43 V46" reference="P0">
  <parameters>V43 V46</parameters>
</constraint>
<constraint name="C234" arity="2" scope="V44 V46" reference="P0">
  <parameters>V44 V46</parameters>
</constraint>
<constraint name="C235" arity="2" scope="V45 V46" reference="P0">
  <parameters>V45 V46</parameters>
</constraint>
</constraints>
</instance>
