<?xml version="1.0" encoding="UTF-8"?>

<instance>
<presentation name="?" maxConstraintArity="2" format="XCSP 2.0"/>

<domains nbDomains="1">
<domain name="D0" nbValues="7">0..6</domain>
</domains>

<variables nbVariables="95">
<variable name="V0" domain="D0"/>
<variable name="V1" domain="D0"/>
<variable name="V2" domain="D0"/>
<variable name="V3" domain="D0"/>
<variable name="V4" domain="D0"/>
<variable name="V5" domain="D0"/>
<variable name="V6" domain="D0"/>
<variable name="V7" domain="D0"/>
<variable name="V8" domain="D0"/>
<variable name="V9" domain="D0"/>
<variable name="V10" domain="D0"/>
<variable name="V11" domain="D0"/>
<variable name="V12" domain="D0"/>
<variable name="V13" domain="D0"/>
<variable name="V14" domain="D0"/>
<variable name="V15" domain="D0"/>
<variable name="V16" domain="D0"/>
<variable name="V17" domain="D0"/>
<variable name="V18" domain="D0"/>
<variable name="V19" domain="D0"/>
<variable name="V20" domain="D0"/>
<variable name="V21" domain="D0"/>
<variable name="V22" domain="D0"/>
<variable name="V23" domain="D0"/>
<variable name="V24" domain="D0"/>
<variable name="V25" domain="D0"/>
<variable name="V26" domain="D0"/>
<variable name="V27" domain="D0"/>
<variable name="V28" domain="D0"/>
<variable name="V29" domain="D0"/>
<variable name="V30" domain="D0"/>
<variable name="V31" domain="D0"/>
<variable name="V32" domain="D0"/>
<variable name="V33" domain="D0"/>
<variable name="V34" domain="D0"/>
<variable name="V35" domain="D0"/>
<variable name="V36" domain="D0"/>
<variable name="V37" domain="D0"/>
<variable name="V38" domain="D0"/>
<variable name="V39" domain="D0"/>
<variable name="V40" domain="D0"/>
<variable name="V41" domain="D0"/>
<variable name="V42" domain="D0"/>
<variable name="V43" domain="D0"/>
<variable name="V44" domain="D0"/>
<variable name="V45" domain="D0"/>
<variable name="V46" domain="D0"/>
<variable name="V47" domain="D0"/>
<variable name="V48" domain="D0"/>
<variable name="V49" domain="D0"/>
<variable name="V50" domain="D0"/>
<variable name="V51" domain="D0"/>
<variable name="V52" domain="D0"/>
<variable name="V53" domain="D0"/>
<variable name="V54" domain="D0"/>
<variable name="V55" domain="D0"/>
<variable name="V56" domain="D0"/>
<variable name="V57" domain="D0"/>
<variable name="V58" domain="D0"/>
<variable name="V59" domain="D0"/>
<variable name="V60" domain="D0"/>
<variable name="V61" domain="D0"/>
<variable name="V62" domain="D0"/>
<variable name="V63" domain="D0"/>
<variable name="V64" domain="D0"/>
<variable name="V65" domain="D0"/>
<variable name="V66" domain="D0"/>
<variable name="V67" domain="D0"/>
<variable name="V68" domain="D0"/>
<variable name="V69" domain="D0"/>
<variable name="V70" domain="D0"/>
<variable name="V71" domain="D0"/>
<variable name="V72" domain="D0"/>
<variable name="V73" domain="D0"/>
<variable name="V74" domain="D0"/>
<variable name="V75" domain="D0"/>
<variable name="V76" domain="D0"/>
<variable name="V77" domain="D0"/>
<variable name="V78" domain="D0"/>
<variable name="V79" domain="D0"/>
<variable name="V80" domain="D0"/>
<variable name="V81" domain="D0"/>
<variable name="V82" domain="D0"/>
<variable name="V83" domain="D0"/>
<variable name="V84" domain="D0"/>
<variable name="V85" domain="D0"/>
<variable name="V86" domain="D0"/>
<variable name="V87" domain="D0"/>
<variable name="V88" domain="D0"/>
<variable name="V89" domain="D0"/>
<variable name="V90" domain="D0"/>
<variable name="V91" domain="D0"/>
<variable name="V92" domain="D0"/>
<variable name="V93" domain="D0"/>
<variable name="V94" domain="D0"/>
</variables>

<predicates nbPredicates="1">
<predicate name="P0">
  <parameters>int X0 int X1</parameters>
  <expression> 
    <functional>ne(X0,X1)</functional>
  </expression>
</predicate>
</predicates>

<constraints nbConstraints="755">
<constraint name="C0" arity="2" scope="V0 V1" reference="P0">
  <parameters>V0 V1</parameters>
</constraint>
<constraint name="C1" arity="2" scope="V0 V3" reference="P0">
  <parameters>V0 V3</parameters>
</constraint>
<constraint name="C2" arity="2" scope="V0 V6" reference="P0">
  <parameters>V0 V6</parameters>
</constraint>
<constraint name="C3" arity="2" scope="V0 V8" reference="P0">
  <parameters>V0 V8</parameters>
</constraint>
<constraint name="C4" arity="2" scope="V0 V12" reference="P0">
  <parameters>V0 V12</parameters>
</constraint>
<constraint name="C5" arity="2" scope="V0 V14" reference="P0">
  <parameters>V0 V14</parameters>
</constraint>
<constraint name="C6" arity="2" scope="V0 V17" reference="P0">
  <parameters>V0 V17</parameters>
</constraint>
<constraint name="C7" arity="2" scope="V0 V19" reference="P0">
  <parameters>V0 V19</parameters>
</constraint>
<constraint name="C8" arity="2" scope="V0 V24" reference="P0">
  <parameters>V0 V24</parameters>
</constraint>
<constraint name="C9" arity="2" scope="V0 V26" reference="P0">
  <parameters>V0 V26</parameters>
</constraint>
<constraint name="C10" arity="2" scope="V0 V29" reference="P0">
  <parameters>V0 V29</parameters>
</constraint>
<constraint name="C11" arity="2" scope="V0 V31" reference="P0">
  <parameters>V0 V31</parameters>
</constraint>
<constraint name="C12" arity="2" scope="V0 V35" reference="P0">
  <parameters>V0 V35</parameters>
</constraint>
<constraint name="C13" arity="2" scope="V0 V37" reference="P0">
  <parameters>V0 V37</parameters>
</constraint>
<constraint name="C14" arity="2" scope="V0 V40" reference="P0">
  <parameters>V0 V40</parameters>
</constraint>
<constraint name="C15" arity="2" scope="V0 V42" reference="P0">
  <parameters>V0 V42</parameters>
</constraint>
<constraint name="C16" arity="2" scope="V0 V48" reference="P0">
  <parameters>V0 V48</parameters>
</constraint>
<constraint name="C17" arity="2" scope="V0 V50" reference="P0">
  <parameters>V0 V50</parameters>
</constraint>
<constraint name="C18" arity="2" scope="V0 V53" reference="P0">
  <parameters>V0 V53</parameters>
</constraint>
<constraint name="C19" arity="2" scope="V0 V55" reference="P0">
  <parameters>V0 V55</parameters>
</constraint>
<constraint name="C20" arity="2" scope="V0 V59" reference="P0">
  <parameters>V0 V59</parameters>
</constraint>
<constraint name="C21" arity="2" scope="V0 V61" reference="P0">
  <parameters>V0 V61</parameters>
</constraint>
<constraint name="C22" arity="2" scope="V0 V64" reference="P0">
  <parameters>V0 V64</parameters>
</constraint>
<constraint name="C23" arity="2" scope="V0 V66" reference="P0">
  <parameters>V0 V66</parameters>
</constraint>
<constraint name="C24" arity="2" scope="V0 V71" reference="P0">
  <parameters>V0 V71</parameters>
</constraint>
<constraint name="C25" arity="2" scope="V0 V73" reference="P0">
  <parameters>V0 V73</parameters>
</constraint>
<constraint name="C26" arity="2" scope="V0 V76" reference="P0">
  <parameters>V0 V76</parameters>
</constraint>
<constraint name="C27" arity="2" scope="V0 V78" reference="P0">
  <parameters>V0 V78</parameters>
</constraint>
<constraint name="C28" arity="2" scope="V0 V82" reference="P0">
  <parameters>V0 V82</parameters>
</constraint>
<constraint name="C29" arity="2" scope="V0 V84" reference="P0">
  <parameters>V0 V84</parameters>
</constraint>
<constraint name="C30" arity="2" scope="V0 V87" reference="P0">
  <parameters>V0 V87</parameters>
</constraint>
<constraint name="C31" arity="2" scope="V0 V89" reference="P0">
  <parameters>V0 V89</parameters>
</constraint>
<constraint name="C32" arity="2" scope="V1 V2" reference="P0">
  <parameters>V1 V2</parameters>
</constraint>
<constraint name="C33" arity="2" scope="V1 V5" reference="P0">
  <parameters>V1 V5</parameters>
</constraint>
<constraint name="C34" arity="2" scope="V1 V7" reference="P0">
  <parameters>V1 V7</parameters>
</constraint>
<constraint name="C35" arity="2" scope="V1 V11" reference="P0">
  <parameters>V1 V11</parameters>
</constraint>
<constraint name="C36" arity="2" scope="V1 V13" reference="P0">
  <parameters>V1 V13</parameters>
</constraint>
<constraint name="C37" arity="2" scope="V1 V16" reference="P0">
  <parameters>V1 V16</parameters>
</constraint>
<constraint name="C38" arity="2" scope="V1 V18" reference="P0">
  <parameters>V1 V18</parameters>
</constraint>
<constraint name="C39" arity="2" scope="V1 V23" reference="P0">
  <parameters>V1 V23</parameters>
</constraint>
<constraint name="C40" arity="2" scope="V1 V25" reference="P0">
  <parameters>V1 V25</parameters>
</constraint>
<constraint name="C41" arity="2" scope="V1 V28" reference="P0">
  <parameters>V1 V28</parameters>
</constraint>
<constraint name="C42" arity="2" scope="V1 V30" reference="P0">
  <parameters>V1 V30</parameters>
</constraint>
<constraint name="C43" arity="2" scope="V1 V34" reference="P0">
  <parameters>V1 V34</parameters>
</constraint>
<constraint name="C44" arity="2" scope="V1 V36" reference="P0">
  <parameters>V1 V36</parameters>
</constraint>
<constraint name="C45" arity="2" scope="V1 V39" reference="P0">
  <parameters>V1 V39</parameters>
</constraint>
<constraint name="C46" arity="2" scope="V1 V41" reference="P0">
  <parameters>V1 V41</parameters>
</constraint>
<constraint name="C47" arity="2" scope="V1 V47" reference="P0">
  <parameters>V1 V47</parameters>
</constraint>
<constraint name="C48" arity="2" scope="V1 V49" reference="P0">
  <parameters>V1 V49</parameters>
</constraint>
<constraint name="C49" arity="2" scope="V1 V52" reference="P0">
  <parameters>V1 V52</parameters>
</constraint>
<constraint name="C50" arity="2" scope="V1 V54" reference="P0">
  <parameters>V1 V54</parameters>
</constraint>
<constraint name="C51" arity="2" scope="V1 V58" reference="P0">
  <parameters>V1 V58</parameters>
</constraint>
<constraint name="C52" arity="2" scope="V1 V60" reference="P0">
  <parameters>V1 V60</parameters>
</constraint>
<constraint name="C53" arity="2" scope="V1 V63" reference="P0">
  <parameters>V1 V63</parameters>
</constraint>
<constraint name="C54" arity="2" scope="V1 V65" reference="P0">
  <parameters>V1 V65</parameters>
</constraint>
<constraint name="C55" arity="2" scope="V1 V70" reference="P0">
  <parameters>V1 V70</parameters>
</constraint>
<constraint name="C56" arity="2" scope="V1 V72" reference="P0">
  <parameters>V1 V72</parameters>
</constraint>
<constraint name="C57" arity="2" scope="V1 V75" reference="P0">
  <parameters>V1 V75</parameters>
</constraint>
<constraint name="C58" arity="2" scope="V1 V77" reference="P0">
  <parameters>V1 V77</parameters>
</constraint>
<constraint name="C59" arity="2" scope="V1 V81" reference="P0">
  <parameters>V1 V81</parameters>
</constraint>
<constraint name="C60" arity="2" scope="V1 V83" reference="P0">
  <parameters>V1 V83</parameters>
</constraint>
<constraint name="C61" arity="2" scope="V1 V86" reference="P0">
  <parameters>V1 V86</parameters>
</constraint>
<constraint name="C62" arity="2" scope="V1 V88" reference="P0">
  <parameters>V1 V88</parameters>
</constraint>
<constraint name="C63" arity="2" scope="V2 V4" reference="P0">
  <parameters>V2 V4</parameters>
</constraint>
<constraint name="C64" arity="2" scope="V2 V6" reference="P0">
  <parameters>V2 V6</parameters>
</constraint>
<constraint name="C65" arity="2" scope="V2 V9" reference="P0">
  <parameters>V2 V9</parameters>
</constraint>
<constraint name="C66" arity="2" scope="V2 V12" reference="P0">
  <parameters>V2 V12</parameters>
</constraint>
<constraint name="C67" arity="2" scope="V2 V15" reference="P0">
  <parameters>V2 V15</parameters>
</constraint>
<constraint name="C68" arity="2" scope="V2 V17" reference="P0">
  <parameters>V2 V17</parameters>
</constraint>
<constraint name="C69" arity="2" scope="V2 V20" reference="P0">
  <parameters>V2 V20</parameters>
</constraint>
<constraint name="C70" arity="2" scope="V2 V24" reference="P0">
  <parameters>V2 V24</parameters>
</constraint>
<constraint name="C71" arity="2" scope="V2 V27" reference="P0">
  <parameters>V2 V27</parameters>
</constraint>
<constraint name="C72" arity="2" scope="V2 V29" reference="P0">
  <parameters>V2 V29</parameters>
</constraint>
<constraint name="C73" arity="2" scope="V2 V32" reference="P0">
  <parameters>V2 V32</parameters>
</constraint>
<constraint name="C74" arity="2" scope="V2 V35" reference="P0">
  <parameters>V2 V35</parameters>
</constraint>
<constraint name="C75" arity="2" scope="V2 V38" reference="P0">
  <parameters>V2 V38</parameters>
</constraint>
<constraint name="C76" arity="2" scope="V2 V40" reference="P0">
  <parameters>V2 V40</parameters>
</constraint>
<constraint name="C77" arity="2" scope="V2 V43" reference="P0">
  <parameters>V2 V43</parameters>
</constraint>
<constraint name="C78" arity="2" scope="V2 V48" reference="P0">
  <parameters>V2 V48</parameters>
</constraint>
<constraint name="C79" arity="2" scope="V2 V51" reference="P0">
  <parameters>V2 V51</parameters>
</constraint>
<constraint name="C80" arity="2" scope="V2 V53" reference="P0">
  <parameters>V2 V53</parameters>
</constraint>
<constraint name="C81" arity="2" scope="V2 V56" reference="P0">
  <parameters>V2 V56</parameters>
</constraint>
<constraint name="C82" arity="2" scope="V2 V59" reference="P0">
  <parameters>V2 V59</parameters>
</constraint>
<constraint name="C83" arity="2" scope="V2 V62" reference="P0">
  <parameters>V2 V62</parameters>
</constraint>
<constraint name="C84" arity="2" scope="V2 V64" reference="P0">
  <parameters>V2 V64</parameters>
</constraint>
<constraint name="C85" arity="2" scope="V2 V67" reference="P0">
  <parameters>V2 V67</parameters>
</constraint>
<constraint name="C86" arity="2" scope="V2 V71" reference="P0">
  <parameters>V2 V71</parameters>
</constraint>
<constraint name="C87" arity="2" scope="V2 V74" reference="P0">
  <parameters>V2 V74</parameters>
</constraint>
<constraint name="C88" arity="2" scope="V2 V76" reference="P0">
  <parameters>V2 V76</parameters>
</constraint>
<constraint name="C89" arity="2" scope="V2 V79" reference="P0">
  <parameters>V2 V79</parameters>
</constraint>
<constraint name="C90" arity="2" scope="V2 V82" reference="P0">
  <parameters>V2 V82</parameters>
</constraint>
<constraint name="C91" arity="2" scope="V2 V85" reference="P0">
  <parameters>V2 V85</parameters>
</constraint>
<constraint name="C92" arity="2" scope="V2 V87" reference="P0">
  <parameters>V2 V87</parameters>
</constraint>
<constraint name="C93" arity="2" scope="V2 V90" reference="P0">
  <parameters>V2 V90</parameters>
</constraint>
<constraint name="C94" arity="2" scope="V3 V4" reference="P0">
  <parameters>V3 V4</parameters>
</constraint>
<constraint name="C95" arity="2" scope="V3 V5" reference="P0">
  <parameters>V3 V5</parameters>
</constraint>
<constraint name="C96" arity="2" scope="V3 V9" reference="P0">
  <parameters>V3 V9</parameters>
</constraint>
<constraint name="C97" arity="2" scope="V3 V11" reference="P0">
  <parameters>V3 V11</parameters>
</constraint>
<constraint name="C98" arity="2" scope="V3 V15" reference="P0">
  <parameters>V3 V15</parameters>
</constraint>
<constraint name="C99" arity="2" scope="V3 V16" reference="P0">
  <parameters>V3 V16</parameters>
</constraint>
<constraint name="C100" arity="2" scope="V3 V20" reference="P0">
  <parameters>V3 V20</parameters>
</constraint>
<constraint name="C101" arity="2" scope="V3 V23" reference="P0">
  <parameters>V3 V23</parameters>
</constraint>
<constraint name="C102" arity="2" scope="V3 V27" reference="P0">
  <parameters>V3 V27</parameters>
</constraint>
<constraint name="C103" arity="2" scope="V3 V28" reference="P0">
  <parameters>V3 V28</parameters>
</constraint>
<constraint name="C104" arity="2" scope="V3 V32" reference="P0">
  <parameters>V3 V32</parameters>
</constraint>
<constraint name="C105" arity="2" scope="V3 V34" reference="P0">
  <parameters>V3 V34</parameters>
</constraint>
<constraint name="C106" arity="2" scope="V3 V38" reference="P0">
  <parameters>V3 V38</parameters>
</constraint>
<constraint name="C107" arity="2" scope="V3 V39" reference="P0">
  <parameters>V3 V39</parameters>
</constraint>
<constraint name="C108" arity="2" scope="V3 V43" reference="P0">
  <parameters>V3 V43</parameters>
</constraint>
<constraint name="C109" arity="2" scope="V3 V47" reference="P0">
  <parameters>V3 V47</parameters>
</constraint>
<constraint name="C110" arity="2" scope="V3 V51" reference="P0">
  <parameters>V3 V51</parameters>
</constraint>
<constraint name="C111" arity="2" scope="V3 V52" reference="P0">
  <parameters>V3 V52</parameters>
</constraint>
<constraint name="C112" arity="2" scope="V3 V56" reference="P0">
  <parameters>V3 V56</parameters>
</constraint>
<constraint name="C113" arity="2" scope="V3 V58" reference="P0">
  <parameters>V3 V58</parameters>
</constraint>
<constraint name="C114" arity="2" scope="V3 V62" reference="P0">
  <parameters>V3 V62</parameters>
</constraint>
<constraint name="C115" arity="2" scope="V3 V63" reference="P0">
  <parameters>V3 V63</parameters>
</constraint>
<constraint name="C116" arity="2" scope="V3 V67" reference="P0">
  <parameters>V3 V67</parameters>
</constraint>
<constraint name="C117" arity="2" scope="V3 V70" reference="P0">
  <parameters>V3 V70</parameters>
</constraint>
<constraint name="C118" arity="2" scope="V3 V74" reference="P0">
  <parameters>V3 V74</parameters>
</constraint>
<constraint name="C119" arity="2" scope="V3 V75" reference="P0">
  <parameters>V3 V75</parameters>
</constraint>
<constraint name="C120" arity="2" scope="V3 V79" reference="P0">
  <parameters>V3 V79</parameters>
</constraint>
<constraint name="C121" arity="2" scope="V3 V81" reference="P0">
  <parameters>V3 V81</parameters>
</constraint>
<constraint name="C122" arity="2" scope="V3 V85" reference="P0">
  <parameters>V3 V85</parameters>
</constraint>
<constraint name="C123" arity="2" scope="V3 V86" reference="P0">
  <parameters>V3 V86</parameters>
</constraint>
<constraint name="C124" arity="2" scope="V3 V90" reference="P0">
  <parameters>V3 V90</parameters>
</constraint>
<constraint name="C125" arity="2" scope="V4 V7" reference="P0">
  <parameters>V4 V7</parameters>
</constraint>
<constraint name="C126" arity="2" scope="V4 V8" reference="P0">
  <parameters>V4 V8</parameters>
</constraint>
<constraint name="C127" arity="2" scope="V4 V13" reference="P0">
  <parameters>V4 V13</parameters>
</constraint>
<constraint name="C128" arity="2" scope="V4 V14" reference="P0">
  <parameters>V4 V14</parameters>
</constraint>
<constraint name="C129" arity="2" scope="V4 V18" reference="P0">
  <parameters>V4 V18</parameters>
</constraint>
<constraint name="C130" arity="2" scope="V4 V19" reference="P0">
  <parameters>V4 V19</parameters>
</constraint>
<constraint name="C131" arity="2" scope="V4 V25" reference="P0">
  <parameters>V4 V25</parameters>
</constraint>
<constraint name="C132" arity="2" scope="V4 V26" reference="P0">
  <parameters>V4 V26</parameters>
</constraint>
<constraint name="C133" arity="2" scope="V4 V30" reference="P0">
  <parameters>V4 V30</parameters>
</constraint>
<constraint name="C134" arity="2" scope="V4 V31" reference="P0">
  <parameters>V4 V31</parameters>
</constraint>
<constraint name="C135" arity="2" scope="V4 V36" reference="P0">
  <parameters>V4 V36</parameters>
</constraint>
<constraint name="C136" arity="2" scope="V4 V37" reference="P0">
  <parameters>V4 V37</parameters>
</constraint>
<constraint name="C137" arity="2" scope="V4 V41" reference="P0">
  <parameters>V4 V41</parameters>
</constraint>
<constraint name="C138" arity="2" scope="V4 V42" reference="P0">
  <parameters>V4 V42</parameters>
</constraint>
<constraint name="C139" arity="2" scope="V4 V49" reference="P0">
  <parameters>V4 V49</parameters>
</constraint>
<constraint name="C140" arity="2" scope="V4 V50" reference="P0">
  <parameters>V4 V50</parameters>
</constraint>
<constraint name="C141" arity="2" scope="V4 V54" reference="P0">
  <parameters>V4 V54</parameters>
</constraint>
<constraint name="C142" arity="2" scope="V4 V55" reference="P0">
  <parameters>V4 V55</parameters>
</constraint>
<constraint name="C143" arity="2" scope="V4 V60" reference="P0">
  <parameters>V4 V60</parameters>
</constraint>
<constraint name="C144" arity="2" scope="V4 V61" reference="P0">
  <parameters>V4 V61</parameters>
</constraint>
<constraint name="C145" arity="2" scope="V4 V65" reference="P0">
  <parameters>V4 V65</parameters>
</constraint>
<constraint name="C146" arity="2" scope="V4 V66" reference="P0">
  <parameters>V4 V66</parameters>
</constraint>
<constraint name="C147" arity="2" scope="V4 V72" reference="P0">
  <parameters>V4 V72</parameters>
</constraint>
<constraint name="C148" arity="2" scope="V4 V73" reference="P0">
  <parameters>V4 V73</parameters>
</constraint>
<constraint name="C149" arity="2" scope="V4 V77" reference="P0">
  <parameters>V4 V77</parameters>
</constraint>
<constraint name="C150" arity="2" scope="V4 V78" reference="P0">
  <parameters>V4 V78</parameters>
</constraint>
<constraint name="C151" arity="2" scope="V4 V83" reference="P0">
  <parameters>V4 V83</parameters>
</constraint>
<constraint name="C152" arity="2" scope="V4 V84" reference="P0">
  <parameters>V4 V84</parameters>
</constraint>
<constraint name="C153" arity="2" scope="V4 V88" reference="P0">
  <parameters>V4 V88</parameters>
</constraint>
<constraint name="C154" arity="2" scope="V4 V89" reference="P0">
  <parameters>V4 V89</parameters>
</constraint>
<constraint name="C155" arity="2" scope="V5 V10" reference="P0">
  <parameters>V5 V10</parameters>
</constraint>
<constraint name="C156" arity="2" scope="V5 V12" reference="P0">
  <parameters>V5 V12</parameters>
</constraint>
<constraint name="C157" arity="2" scope="V5 V14" reference="P0">
  <parameters>V5 V14</parameters>
</constraint>
<constraint name="C158" arity="2" scope="V5 V21" reference="P0">
  <parameters>V5 V21</parameters>
</constraint>
<constraint name="C159" arity="2" scope="V5 V24" reference="P0">
  <parameters>V5 V24</parameters>
</constraint>
<constraint name="C160" arity="2" scope="V5 V26" reference="P0">
  <parameters>V5 V26</parameters>
</constraint>
<constraint name="C161" arity="2" scope="V5 V33" reference="P0">
  <parameters>V5 V33</parameters>
</constraint>
<constraint name="C162" arity="2" scope="V5 V35" reference="P0">
  <parameters>V5 V35</parameters>
</constraint>
<constraint name="C163" arity="2" scope="V5 V37" reference="P0">
  <parameters>V5 V37</parameters>
</constraint>
<constraint name="C164" arity="2" scope="V5 V44" reference="P0">
  <parameters>V5 V44</parameters>
</constraint>
<constraint name="C165" arity="2" scope="V5 V48" reference="P0">
  <parameters>V5 V48</parameters>
</constraint>
<constraint name="C166" arity="2" scope="V5 V50" reference="P0">
  <parameters>V5 V50</parameters>
</constraint>
<constraint name="C167" arity="2" scope="V5 V57" reference="P0">
  <parameters>V5 V57</parameters>
</constraint>
<constraint name="C168" arity="2" scope="V5 V59" reference="P0">
  <parameters>V5 V59</parameters>
</constraint>
<constraint name="C169" arity="2" scope="V5 V61" reference="P0">
  <parameters>V5 V61</parameters>
</constraint>
<constraint name="C170" arity="2" scope="V5 V68" reference="P0">
  <parameters>V5 V68</parameters>
</constraint>
<constraint name="C171" arity="2" scope="V5 V71" reference="P0">
  <parameters>V5 V71</parameters>
</constraint>
<constraint name="C172" arity="2" scope="V5 V73" reference="P0">
  <parameters>V5 V73</parameters>
</constraint>
<constraint name="C173" arity="2" scope="V5 V80" reference="P0">
  <parameters>V5 V80</parameters>
</constraint>
<constraint name="C174" arity="2" scope="V5 V82" reference="P0">
  <parameters>V5 V82</parameters>
</constraint>
<constraint name="C175" arity="2" scope="V5 V84" reference="P0">
  <parameters>V5 V84</parameters>
</constraint>
<constraint name="C176" arity="2" scope="V5 V91" reference="P0">
  <parameters>V5 V91</parameters>
</constraint>
<constraint name="C177" arity="2" scope="V6 V10" reference="P0">
  <parameters>V6 V10</parameters>
</constraint>
<constraint name="C178" arity="2" scope="V6 V11" reference="P0">
  <parameters>V6 V11</parameters>
</constraint>
<constraint name="C179" arity="2" scope="V6 V13" reference="P0">
  <parameters>V6 V13</parameters>
</constraint>
<constraint name="C180" arity="2" scope="V6 V21" reference="P0">
  <parameters>V6 V21</parameters>
</constraint>
<constraint name="C181" arity="2" scope="V6 V23" reference="P0">
  <parameters>V6 V23</parameters>
</constraint>
<constraint name="C182" arity="2" scope="V6 V25" reference="P0">
  <parameters>V6 V25</parameters>
</constraint>
<constraint name="C183" arity="2" scope="V6 V33" reference="P0">
  <parameters>V6 V33</parameters>
</constraint>
<constraint name="C184" arity="2" scope="V6 V34" reference="P0">
  <parameters>V6 V34</parameters>
</constraint>
<constraint name="C185" arity="2" scope="V6 V36" reference="P0">
  <parameters>V6 V36</parameters>
</constraint>
<constraint name="C186" arity="2" scope="V6 V44" reference="P0">
  <parameters>V6 V44</parameters>
</constraint>
<constraint name="C187" arity="2" scope="V6 V47" reference="P0">
  <parameters>V6 V47</parameters>
</constraint>
<constraint name="C188" arity="2" scope="V6 V49" reference="P0">
  <parameters>V6 V49</parameters>
</constraint>
<constraint name="C189" arity="2" scope="V6 V57" reference="P0">
  <parameters>V6 V57</parameters>
</constraint>
<constraint name="C190" arity="2" scope="V6 V58" reference="P0">
  <parameters>V6 V58</parameters>
</constraint>
<constraint name="C191" arity="2" scope="V6 V60" reference="P0">
  <parameters>V6 V60</parameters>
</constraint>
<constraint name="C192" arity="2" scope="V6 V68" reference="P0">
  <parameters>V6 V68</parameters>
</constraint>
<constraint name="C193" arity="2" scope="V6 V70" reference="P0">
  <parameters>V6 V70</parameters>
</constraint>
<constraint name="C194" arity="2" scope="V6 V72" reference="P0">
  <parameters>V6 V72</parameters>
</constraint>
<constraint name="C195" arity="2" scope="V6 V80" reference="P0">
  <parameters>V6 V80</parameters>
</constraint>
<constraint name="C196" arity="2" scope="V6 V81" reference="P0">
  <parameters>V6 V81</parameters>
</constraint>
<constraint name="C197" arity="2" scope="V6 V83" reference="P0">
  <parameters>V6 V83</parameters>
</constraint>
<constraint name="C198" arity="2" scope="V6 V91" reference="P0">
  <parameters>V6 V91</parameters>
</constraint>
<constraint name="C199" arity="2" scope="V7 V10" reference="P0">
  <parameters>V7 V10</parameters>
</constraint>
<constraint name="C200" arity="2" scope="V7 V12" reference="P0">
  <parameters>V7 V12</parameters>
</constraint>
<constraint name="C201" arity="2" scope="V7 V15" reference="P0">
  <parameters>V7 V15</parameters>
</constraint>
<constraint name="C202" arity="2" scope="V7 V21" reference="P0">
  <parameters>V7 V21</parameters>
</constraint>
<constraint name="C203" arity="2" scope="V7 V24" reference="P0">
  <parameters>V7 V24</parameters>
</constraint>
<constraint name="C204" arity="2" scope="V7 V27" reference="P0">
  <parameters>V7 V27</parameters>
</constraint>
<constraint name="C205" arity="2" scope="V7 V33" reference="P0">
  <parameters>V7 V33</parameters>
</constraint>
<constraint name="C206" arity="2" scope="V7 V35" reference="P0">
  <parameters>V7 V35</parameters>
</constraint>
<constraint name="C207" arity="2" scope="V7 V38" reference="P0">
  <parameters>V7 V38</parameters>
</constraint>
<constraint name="C208" arity="2" scope="V7 V44" reference="P0">
  <parameters>V7 V44</parameters>
</constraint>
<constraint name="C209" arity="2" scope="V7 V48" reference="P0">
  <parameters>V7 V48</parameters>
</constraint>
<constraint name="C210" arity="2" scope="V7 V51" reference="P0">
  <parameters>V7 V51</parameters>
</constraint>
<constraint name="C211" arity="2" scope="V7 V57" reference="P0">
  <parameters>V7 V57</parameters>
</constraint>
<constraint name="C212" arity="2" scope="V7 V59" reference="P0">
  <parameters>V7 V59</parameters>
</constraint>
<constraint name="C213" arity="2" scope="V7 V62" reference="P0">
  <parameters>V7 V62</parameters>
</constraint>
<constraint name="C214" arity="2" scope="V7 V68" reference="P0">
  <parameters>V7 V68</parameters>
</constraint>
<constraint name="C215" arity="2" scope="V7 V71" reference="P0">
  <parameters>V7 V71</parameters>
</constraint>
<constraint name="C216" arity="2" scope="V7 V74" reference="P0">
  <parameters>V7 V74</parameters>
</constraint>
<constraint name="C217" arity="2" scope="V7 V80" reference="P0">
  <parameters>V7 V80</parameters>
</constraint>
<constraint name="C218" arity="2" scope="V7 V82" reference="P0">
  <parameters>V7 V82</parameters>
</constraint>
<constraint name="C219" arity="2" scope="V7 V85" reference="P0">
  <parameters>V7 V85</parameters>
</constraint>
<constraint name="C220" arity="2" scope="V7 V91" reference="P0">
  <parameters>V7 V91</parameters>
</constraint>
<constraint name="C221" arity="2" scope="V8 V10" reference="P0">
  <parameters>V8 V10</parameters>
</constraint>
<constraint name="C222" arity="2" scope="V8 V11" reference="P0">
  <parameters>V8 V11</parameters>
</constraint>
<constraint name="C223" arity="2" scope="V8 V15" reference="P0">
  <parameters>V8 V15</parameters>
</constraint>
<constraint name="C224" arity="2" scope="V8 V21" reference="P0">
  <parameters>V8 V21</parameters>
</constraint>
<constraint name="C225" arity="2" scope="V8 V23" reference="P0">
  <parameters>V8 V23</parameters>
</constraint>
<constraint name="C226" arity="2" scope="V8 V27" reference="P0">
  <parameters>V8 V27</parameters>
</constraint>
<constraint name="C227" arity="2" scope="V8 V33" reference="P0">
  <parameters>V8 V33</parameters>
</constraint>
<constraint name="C228" arity="2" scope="V8 V34" reference="P0">
  <parameters>V8 V34</parameters>
</constraint>
<constraint name="C229" arity="2" scope="V8 V38" reference="P0">
  <parameters>V8 V38</parameters>
</constraint>
<constraint name="C230" arity="2" scope="V8 V44" reference="P0">
  <parameters>V8 V44</parameters>
</constraint>
<constraint name="C231" arity="2" scope="V8 V47" reference="P0">
  <parameters>V8 V47</parameters>
</constraint>
<constraint name="C232" arity="2" scope="V8 V51" reference="P0">
  <parameters>V8 V51</parameters>
</constraint>
<constraint name="C233" arity="2" scope="V8 V57" reference="P0">
  <parameters>V8 V57</parameters>
</constraint>
<constraint name="C234" arity="2" scope="V8 V58" reference="P0">
  <parameters>V8 V58</parameters>
</constraint>
<constraint name="C235" arity="2" scope="V8 V62" reference="P0">
  <parameters>V8 V62</parameters>
</constraint>
<constraint name="C236" arity="2" scope="V8 V68" reference="P0">
  <parameters>V8 V68</parameters>
</constraint>
<constraint name="C237" arity="2" scope="V8 V70" reference="P0">
  <parameters>V8 V70</parameters>
</constraint>
<constraint name="C238" arity="2" scope="V8 V74" reference="P0">
  <parameters>V8 V74</parameters>
</constraint>
<constraint name="C239" arity="2" scope="V8 V80" reference="P0">
  <parameters>V8 V80</parameters>
</constraint>
<constraint name="C240" arity="2" scope="V8 V81" reference="P0">
  <parameters>V8 V81</parameters>
</constraint>
<constraint name="C241" arity="2" scope="V8 V85" reference="P0">
  <parameters>V8 V85</parameters>
</constraint>
<constraint name="C242" arity="2" scope="V8 V91" reference="P0">
  <parameters>V8 V91</parameters>
</constraint>
<constraint name="C243" arity="2" scope="V9 V10" reference="P0">
  <parameters>V9 V10</parameters>
</constraint>
<constraint name="C244" arity="2" scope="V9 V13" reference="P0">
  <parameters>V9 V13</parameters>
</constraint>
<constraint name="C245" arity="2" scope="V9 V14" reference="P0">
  <parameters>V9 V14</parameters>
</constraint>
<constraint name="C246" arity="2" scope="V9 V21" reference="P0">
  <parameters>V9 V21</parameters>
</constraint>
<constraint name="C247" arity="2" scope="V9 V25" reference="P0">
  <parameters>V9 V25</parameters>
</constraint>
<constraint name="C248" arity="2" scope="V9 V26" reference="P0">
  <parameters>V9 V26</parameters>
</constraint>
<constraint name="C249" arity="2" scope="V9 V33" reference="P0">
  <parameters>V9 V33</parameters>
</constraint>
<constraint name="C250" arity="2" scope="V9 V36" reference="P0">
  <parameters>V9 V36</parameters>
</constraint>
<constraint name="C251" arity="2" scope="V9 V37" reference="P0">
  <parameters>V9 V37</parameters>
</constraint>
<constraint name="C252" arity="2" scope="V9 V44" reference="P0">
  <parameters>V9 V44</parameters>
</constraint>
<constraint name="C253" arity="2" scope="V9 V49" reference="P0">
  <parameters>V9 V49</parameters>
</constraint>
<constraint name="C254" arity="2" scope="V9 V50" reference="P0">
  <parameters>V9 V50</parameters>
</constraint>
<constraint name="C255" arity="2" scope="V9 V57" reference="P0">
  <parameters>V9 V57</parameters>
</constraint>
<constraint name="C256" arity="2" scope="V9 V60" reference="P0">
  <parameters>V9 V60</parameters>
</constraint>
<constraint name="C257" arity="2" scope="V9 V61" reference="P0">
  <parameters>V9 V61</parameters>
</constraint>
<constraint name="C258" arity="2" scope="V9 V68" reference="P0">
  <parameters>V9 V68</parameters>
</constraint>
<constraint name="C259" arity="2" scope="V9 V72" reference="P0">
  <parameters>V9 V72</parameters>
</constraint>
<constraint name="C260" arity="2" scope="V9 V73" reference="P0">
  <parameters>V9 V73</parameters>
</constraint>
<constraint name="C261" arity="2" scope="V9 V80" reference="P0">
  <parameters>V9 V80</parameters>
</constraint>
<constraint name="C262" arity="2" scope="V9 V83" reference="P0">
  <parameters>V9 V83</parameters>
</constraint>
<constraint name="C263" arity="2" scope="V9 V84" reference="P0">
  <parameters>V9 V84</parameters>
</constraint>
<constraint name="C264" arity="2" scope="V9 V91" reference="P0">
  <parameters>V9 V91</parameters>
</constraint>
<constraint name="C265" arity="2" scope="V10 V16" reference="P0">
  <parameters>V10 V16</parameters>
</constraint>
<constraint name="C266" arity="2" scope="V10 V17" reference="P0">
  <parameters>V10 V17</parameters>
</constraint>
<constraint name="C267" arity="2" scope="V10 V18" reference="P0">
  <parameters>V10 V18</parameters>
</constraint>
<constraint name="C268" arity="2" scope="V10 V19" reference="P0">
  <parameters>V10 V19</parameters>
</constraint>
<constraint name="C269" arity="2" scope="V10 V20" reference="P0">
  <parameters>V10 V20</parameters>
</constraint>
<constraint name="C270" arity="2" scope="V10 V28" reference="P0">
  <parameters>V10 V28</parameters>
</constraint>
<constraint name="C271" arity="2" scope="V10 V29" reference="P0">
  <parameters>V10 V29</parameters>
</constraint>
<constraint name="C272" arity="2" scope="V10 V30" reference="P0">
  <parameters>V10 V30</parameters>
</constraint>
<constraint name="C273" arity="2" scope="V10 V31" reference="P0">
  <parameters>V10 V31</parameters>
</constraint>
<constraint name="C274" arity="2" scope="V10 V32" reference="P0">
  <parameters>V10 V32</parameters>
</constraint>
<constraint name="C275" arity="2" scope="V10 V39" reference="P0">
  <parameters>V10 V39</parameters>
</constraint>
<constraint name="C276" arity="2" scope="V10 V40" reference="P0">
  <parameters>V10 V40</parameters>
</constraint>
<constraint name="C277" arity="2" scope="V10 V41" reference="P0">
  <parameters>V10 V41</parameters>
</constraint>
<constraint name="C278" arity="2" scope="V10 V42" reference="P0">
  <parameters>V10 V42</parameters>
</constraint>
<constraint name="C279" arity="2" scope="V10 V43" reference="P0">
  <parameters>V10 V43</parameters>
</constraint>
<constraint name="C280" arity="2" scope="V10 V52" reference="P0">
  <parameters>V10 V52</parameters>
</constraint>
<constraint name="C281" arity="2" scope="V10 V53" reference="P0">
  <parameters>V10 V53</parameters>
</constraint>
<constraint name="C282" arity="2" scope="V10 V54" reference="P0">
  <parameters>V10 V54</parameters>
</constraint>
<constraint name="C283" arity="2" scope="V10 V55" reference="P0">
  <parameters>V10 V55</parameters>
</constraint>
<constraint name="C284" arity="2" scope="V10 V56" reference="P0">
  <parameters>V10 V56</parameters>
</constraint>
<constraint name="C285" arity="2" scope="V10 V63" reference="P0">
  <parameters>V10 V63</parameters>
</constraint>
<constraint name="C286" arity="2" scope="V10 V64" reference="P0">
  <parameters>V10 V64</parameters>
</constraint>
<constraint name="C287" arity="2" scope="V10 V65" reference="P0">
  <parameters>V10 V65</parameters>
</constraint>
<constraint name="C288" arity="2" scope="V10 V66" reference="P0">
  <parameters>V10 V66</parameters>
</constraint>
<constraint name="C289" arity="2" scope="V10 V67" reference="P0">
  <parameters>V10 V67</parameters>
</constraint>
<constraint name="C290" arity="2" scope="V10 V75" reference="P0">
  <parameters>V10 V75</parameters>
</constraint>
<constraint name="C291" arity="2" scope="V10 V76" reference="P0">
  <parameters>V10 V76</parameters>
</constraint>
<constraint name="C292" arity="2" scope="V10 V77" reference="P0">
  <parameters>V10 V77</parameters>
</constraint>
<constraint name="C293" arity="2" scope="V10 V78" reference="P0">
  <parameters>V10 V78</parameters>
</constraint>
<constraint name="C294" arity="2" scope="V10 V79" reference="P0">
  <parameters>V10 V79</parameters>
</constraint>
<constraint name="C295" arity="2" scope="V10 V86" reference="P0">
  <parameters>V10 V86</parameters>
</constraint>
<constraint name="C296" arity="2" scope="V10 V87" reference="P0">
  <parameters>V10 V87</parameters>
</constraint>
<constraint name="C297" arity="2" scope="V10 V88" reference="P0">
  <parameters>V10 V88</parameters>
</constraint>
<constraint name="C298" arity="2" scope="V10 V89" reference="P0">
  <parameters>V10 V89</parameters>
</constraint>
<constraint name="C299" arity="2" scope="V10 V90" reference="P0">
  <parameters>V10 V90</parameters>
</constraint>
<constraint name="C300" arity="2" scope="V11 V22" reference="P0">
  <parameters>V11 V22</parameters>
</constraint>
<constraint name="C301" arity="2" scope="V11 V24" reference="P0">
  <parameters>V11 V24</parameters>
</constraint>
<constraint name="C302" arity="2" scope="V11 V26" reference="P0">
  <parameters>V11 V26</parameters>
</constraint>
<constraint name="C303" arity="2" scope="V11 V29" reference="P0">
  <parameters>V11 V29</parameters>
</constraint>
<constraint name="C304" arity="2" scope="V11 V31" reference="P0">
  <parameters>V11 V31</parameters>
</constraint>
<constraint name="C305" arity="2" scope="V11 V45" reference="P0">
  <parameters>V11 V45</parameters>
</constraint>
<constraint name="C306" arity="2" scope="V11 V48" reference="P0">
  <parameters>V11 V48</parameters>
</constraint>
<constraint name="C307" arity="2" scope="V11 V50" reference="P0">
  <parameters>V11 V50</parameters>
</constraint>
<constraint name="C308" arity="2" scope="V11 V53" reference="P0">
  <parameters>V11 V53</parameters>
</constraint>
<constraint name="C309" arity="2" scope="V11 V55" reference="P0">
  <parameters>V11 V55</parameters>
</constraint>
<constraint name="C310" arity="2" scope="V11 V69" reference="P0">
  <parameters>V11 V69</parameters>
</constraint>
<constraint name="C311" arity="2" scope="V11 V71" reference="P0">
  <parameters>V11 V71</parameters>
</constraint>
<constraint name="C312" arity="2" scope="V11 V73" reference="P0">
  <parameters>V11 V73</parameters>
</constraint>
<constraint name="C313" arity="2" scope="V11 V76" reference="P0">
  <parameters>V11 V76</parameters>
</constraint>
<constraint name="C314" arity="2" scope="V11 V78" reference="P0">
  <parameters>V11 V78</parameters>
</constraint>
<constraint name="C315" arity="2" scope="V11 V92" reference="P0">
  <parameters>V11 V92</parameters>
</constraint>
<constraint name="C316" arity="2" scope="V12 V22" reference="P0">
  <parameters>V12 V22</parameters>
</constraint>
<constraint name="C317" arity="2" scope="V12 V23" reference="P0">
  <parameters>V12 V23</parameters>
</constraint>
<constraint name="C318" arity="2" scope="V12 V25" reference="P0">
  <parameters>V12 V25</parameters>
</constraint>
<constraint name="C319" arity="2" scope="V12 V28" reference="P0">
  <parameters>V12 V28</parameters>
</constraint>
<constraint name="C320" arity="2" scope="V12 V30" reference="P0">
  <parameters>V12 V30</parameters>
</constraint>
<constraint name="C321" arity="2" scope="V12 V45" reference="P0">
  <parameters>V12 V45</parameters>
</constraint>
<constraint name="C322" arity="2" scope="V12 V47" reference="P0">
  <parameters>V12 V47</parameters>
</constraint>
<constraint name="C323" arity="2" scope="V12 V49" reference="P0">
  <parameters>V12 V49</parameters>
</constraint>
<constraint name="C324" arity="2" scope="V12 V52" reference="P0">
  <parameters>V12 V52</parameters>
</constraint>
<constraint name="C325" arity="2" scope="V12 V54" reference="P0">
  <parameters>V12 V54</parameters>
</constraint>
<constraint name="C326" arity="2" scope="V12 V69" reference="P0">
  <parameters>V12 V69</parameters>
</constraint>
<constraint name="C327" arity="2" scope="V12 V70" reference="P0">
  <parameters>V12 V70</parameters>
</constraint>
<constraint name="C328" arity="2" scope="V12 V72" reference="P0">
  <parameters>V12 V72</parameters>
</constraint>
<constraint name="C329" arity="2" scope="V12 V75" reference="P0">
  <parameters>V12 V75</parameters>
</constraint>
<constraint name="C330" arity="2" scope="V12 V77" reference="P0">
  <parameters>V12 V77</parameters>
</constraint>
<constraint name="C331" arity="2" scope="V12 V92" reference="P0">
  <parameters>V12 V92</parameters>
</constraint>
<constraint name="C332" arity="2" scope="V13 V22" reference="P0">
  <parameters>V13 V22</parameters>
</constraint>
<constraint name="C333" arity="2" scope="V13 V24" reference="P0">
  <parameters>V13 V24</parameters>
</constraint>
<constraint name="C334" arity="2" scope="V13 V27" reference="P0">
  <parameters>V13 V27</parameters>
</constraint>
<constraint name="C335" arity="2" scope="V13 V29" reference="P0">
  <parameters>V13 V29</parameters>
</constraint>
<constraint name="C336" arity="2" scope="V13 V32" reference="P0">
  <parameters>V13 V32</parameters>
</constraint>
<constraint name="C337" arity="2" scope="V13 V45" reference="P0">
  <parameters>V13 V45</parameters>
</constraint>
<constraint name="C338" arity="2" scope="V13 V48" reference="P0">
  <parameters>V13 V48</parameters>
</constraint>
<constraint name="C339" arity="2" scope="V13 V51" reference="P0">
  <parameters>V13 V51</parameters>
</constraint>
<constraint name="C340" arity="2" scope="V13 V53" reference="P0">
  <parameters>V13 V53</parameters>
</constraint>
<constraint name="C341" arity="2" scope="V13 V56" reference="P0">
  <parameters>V13 V56</parameters>
</constraint>
<constraint name="C342" arity="2" scope="V13 V69" reference="P0">
  <parameters>V13 V69</parameters>
</constraint>
<constraint name="C343" arity="2" scope="V13 V71" reference="P0">
  <parameters>V13 V71</parameters>
</constraint>
<constraint name="C344" arity="2" scope="V13 V74" reference="P0">
  <parameters>V13 V74</parameters>
</constraint>
<constraint name="C345" arity="2" scope="V13 V76" reference="P0">
  <parameters>V13 V76</parameters>
</constraint>
<constraint name="C346" arity="2" scope="V13 V79" reference="P0">
  <parameters>V13 V79</parameters>
</constraint>
<constraint name="C347" arity="2" scope="V13 V92" reference="P0">
  <parameters>V13 V92</parameters>
</constraint>
<constraint name="C348" arity="2" scope="V14 V22" reference="P0">
  <parameters>V14 V22</parameters>
</constraint>
<constraint name="C349" arity="2" scope="V14 V23" reference="P0">
  <parameters>V14 V23</parameters>
</constraint>
<constraint name="C350" arity="2" scope="V14 V27" reference="P0">
  <parameters>V14 V27</parameters>
</constraint>
<constraint name="C351" arity="2" scope="V14 V28" reference="P0">
  <parameters>V14 V28</parameters>
</constraint>
<constraint name="C352" arity="2" scope="V14 V32" reference="P0">
  <parameters>V14 V32</parameters>
</constraint>
<constraint name="C353" arity="2" scope="V14 V45" reference="P0">
  <parameters>V14 V45</parameters>
</constraint>
<constraint name="C354" arity="2" scope="V14 V47" reference="P0">
  <parameters>V14 V47</parameters>
</constraint>
<constraint name="C355" arity="2" scope="V14 V51" reference="P0">
  <parameters>V14 V51</parameters>
</constraint>
<constraint name="C356" arity="2" scope="V14 V52" reference="P0">
  <parameters>V14 V52</parameters>
</constraint>
<constraint name="C357" arity="2" scope="V14 V56" reference="P0">
  <parameters>V14 V56</parameters>
</constraint>
<constraint name="C358" arity="2" scope="V14 V69" reference="P0">
  <parameters>V14 V69</parameters>
</constraint>
<constraint name="C359" arity="2" scope="V14 V70" reference="P0">
  <parameters>V14 V70</parameters>
</constraint>
<constraint name="C360" arity="2" scope="V14 V74" reference="P0">
  <parameters>V14 V74</parameters>
</constraint>
<constraint name="C361" arity="2" scope="V14 V75" reference="P0">
  <parameters>V14 V75</parameters>
</constraint>
<constraint name="C362" arity="2" scope="V14 V79" reference="P0">
  <parameters>V14 V79</parameters>
</constraint>
<constraint name="C363" arity="2" scope="V14 V92" reference="P0">
  <parameters>V14 V92</parameters>
</constraint>
<constraint name="C364" arity="2" scope="V15 V22" reference="P0">
  <parameters>V15 V22</parameters>
</constraint>
<constraint name="C365" arity="2" scope="V15 V25" reference="P0">
  <parameters>V15 V25</parameters>
</constraint>
<constraint name="C366" arity="2" scope="V15 V26" reference="P0">
  <parameters>V15 V26</parameters>
</constraint>
<constraint name="C367" arity="2" scope="V15 V30" reference="P0">
  <parameters>V15 V30</parameters>
</constraint>
<constraint name="C368" arity="2" scope="V15 V31" reference="P0">
  <parameters>V15 V31</parameters>
</constraint>
<constraint name="C369" arity="2" scope="V15 V45" reference="P0">
  <parameters>V15 V45</parameters>
</constraint>
<constraint name="C370" arity="2" scope="V15 V49" reference="P0">
  <parameters>V15 V49</parameters>
</constraint>
<constraint name="C371" arity="2" scope="V15 V50" reference="P0">
  <parameters>V15 V50</parameters>
</constraint>
<constraint name="C372" arity="2" scope="V15 V54" reference="P0">
  <parameters>V15 V54</parameters>
</constraint>
<constraint name="C373" arity="2" scope="V15 V55" reference="P0">
  <parameters>V15 V55</parameters>
</constraint>
<constraint name="C374" arity="2" scope="V15 V69" reference="P0">
  <parameters>V15 V69</parameters>
</constraint>
<constraint name="C375" arity="2" scope="V15 V72" reference="P0">
  <parameters>V15 V72</parameters>
</constraint>
<constraint name="C376" arity="2" scope="V15 V73" reference="P0">
  <parameters>V15 V73</parameters>
</constraint>
<constraint name="C377" arity="2" scope="V15 V77" reference="P0">
  <parameters>V15 V77</parameters>
</constraint>
<constraint name="C378" arity="2" scope="V15 V78" reference="P0">
  <parameters>V15 V78</parameters>
</constraint>
<constraint name="C379" arity="2" scope="V15 V92" reference="P0">
  <parameters>V15 V92</parameters>
</constraint>
<constraint name="C380" arity="2" scope="V16 V22" reference="P0">
  <parameters>V16 V22</parameters>
</constraint>
<constraint name="C381" arity="2" scope="V16 V24" reference="P0">
  <parameters>V16 V24</parameters>
</constraint>
<constraint name="C382" arity="2" scope="V16 V26" reference="P0">
  <parameters>V16 V26</parameters>
</constraint>
<constraint name="C383" arity="2" scope="V16 V33" reference="P0">
  <parameters>V16 V33</parameters>
</constraint>
<constraint name="C384" arity="2" scope="V16 V45" reference="P0">
  <parameters>V16 V45</parameters>
</constraint>
<constraint name="C385" arity="2" scope="V16 V48" reference="P0">
  <parameters>V16 V48</parameters>
</constraint>
<constraint name="C386" arity="2" scope="V16 V50" reference="P0">
  <parameters>V16 V50</parameters>
</constraint>
<constraint name="C387" arity="2" scope="V16 V57" reference="P0">
  <parameters>V16 V57</parameters>
</constraint>
<constraint name="C388" arity="2" scope="V16 V69" reference="P0">
  <parameters>V16 V69</parameters>
</constraint>
<constraint name="C389" arity="2" scope="V16 V71" reference="P0">
  <parameters>V16 V71</parameters>
</constraint>
<constraint name="C390" arity="2" scope="V16 V73" reference="P0">
  <parameters>V16 V73</parameters>
</constraint>
<constraint name="C391" arity="2" scope="V16 V80" reference="P0">
  <parameters>V16 V80</parameters>
</constraint>
<constraint name="C392" arity="2" scope="V16 V92" reference="P0">
  <parameters>V16 V92</parameters>
</constraint>
<constraint name="C393" arity="2" scope="V17 V22" reference="P0">
  <parameters>V17 V22</parameters>
</constraint>
<constraint name="C394" arity="2" scope="V17 V23" reference="P0">
  <parameters>V17 V23</parameters>
</constraint>
<constraint name="C395" arity="2" scope="V17 V25" reference="P0">
  <parameters>V17 V25</parameters>
</constraint>
<constraint name="C396" arity="2" scope="V17 V33" reference="P0">
  <parameters>V17 V33</parameters>
</constraint>
<constraint name="C397" arity="2" scope="V17 V45" reference="P0">
  <parameters>V17 V45</parameters>
</constraint>
<constraint name="C398" arity="2" scope="V17 V47" reference="P0">
  <parameters>V17 V47</parameters>
</constraint>
<constraint name="C399" arity="2" scope="V17 V49" reference="P0">
  <parameters>V17 V49</parameters>
</constraint>
<constraint name="C400" arity="2" scope="V17 V57" reference="P0">
  <parameters>V17 V57</parameters>
</constraint>
<constraint name="C401" arity="2" scope="V17 V69" reference="P0">
  <parameters>V17 V69</parameters>
</constraint>
<constraint name="C402" arity="2" scope="V17 V70" reference="P0">
  <parameters>V17 V70</parameters>
</constraint>
<constraint name="C403" arity="2" scope="V17 V72" reference="P0">
  <parameters>V17 V72</parameters>
</constraint>
<constraint name="C404" arity="2" scope="V17 V80" reference="P0">
  <parameters>V17 V80</parameters>
</constraint>
<constraint name="C405" arity="2" scope="V17 V92" reference="P0">
  <parameters>V17 V92</parameters>
</constraint>
<constraint name="C406" arity="2" scope="V18 V22" reference="P0">
  <parameters>V18 V22</parameters>
</constraint>
<constraint name="C407" arity="2" scope="V18 V24" reference="P0">
  <parameters>V18 V24</parameters>
</constraint>
<constraint name="C408" arity="2" scope="V18 V27" reference="P0">
  <parameters>V18 V27</parameters>
</constraint>
<constraint name="C409" arity="2" scope="V18 V33" reference="P0">
  <parameters>V18 V33</parameters>
</constraint>
<constraint name="C410" arity="2" scope="V18 V45" reference="P0">
  <parameters>V18 V45</parameters>
</constraint>
<constraint name="C411" arity="2" scope="V18 V48" reference="P0">
  <parameters>V18 V48</parameters>
</constraint>
<constraint name="C412" arity="2" scope="V18 V51" reference="P0">
  <parameters>V18 V51</parameters>
</constraint>
<constraint name="C413" arity="2" scope="V18 V57" reference="P0">
  <parameters>V18 V57</parameters>
</constraint>
<constraint name="C414" arity="2" scope="V18 V69" reference="P0">
  <parameters>V18 V69</parameters>
</constraint>
<constraint name="C415" arity="2" scope="V18 V71" reference="P0">
  <parameters>V18 V71</parameters>
</constraint>
<constraint name="C416" arity="2" scope="V18 V74" reference="P0">
  <parameters>V18 V74</parameters>
</constraint>
<constraint name="C417" arity="2" scope="V18 V80" reference="P0">
  <parameters>V18 V80</parameters>
</constraint>
<constraint name="C418" arity="2" scope="V18 V92" reference="P0">
  <parameters>V18 V92</parameters>
</constraint>
<constraint name="C419" arity="2" scope="V19 V22" reference="P0">
  <parameters>V19 V22</parameters>
</constraint>
<constraint name="C420" arity="2" scope="V19 V23" reference="P0">
  <parameters>V19 V23</parameters>
</constraint>
<constraint name="C421" arity="2" scope="V19 V27" reference="P0">
  <parameters>V19 V27</parameters>
</constraint>
<constraint name="C422" arity="2" scope="V19 V33" reference="P0">
  <parameters>V19 V33</parameters>
</constraint>
<constraint name="C423" arity="2" scope="V19 V45" reference="P0">
  <parameters>V19 V45</parameters>
</constraint>
<constraint name="C424" arity="2" scope="V19 V47" reference="P0">
  <parameters>V19 V47</parameters>
</constraint>
<constraint name="C425" arity="2" scope="V19 V51" reference="P0">
  <parameters>V19 V51</parameters>
</constraint>
<constraint name="C426" arity="2" scope="V19 V57" reference="P0">
  <parameters>V19 V57</parameters>
</constraint>
<constraint name="C427" arity="2" scope="V19 V69" reference="P0">
  <parameters>V19 V69</parameters>
</constraint>
<constraint name="C428" arity="2" scope="V19 V70" reference="P0">
  <parameters>V19 V70</parameters>
</constraint>
<constraint name="C429" arity="2" scope="V19 V74" reference="P0">
  <parameters>V19 V74</parameters>
</constraint>
<constraint name="C430" arity="2" scope="V19 V80" reference="P0">
  <parameters>V19 V80</parameters>
</constraint>
<constraint name="C431" arity="2" scope="V19 V92" reference="P0">
  <parameters>V19 V92</parameters>
</constraint>
<constraint name="C432" arity="2" scope="V20 V22" reference="P0">
  <parameters>V20 V22</parameters>
</constraint>
<constraint name="C433" arity="2" scope="V20 V25" reference="P0">
  <parameters>V20 V25</parameters>
</constraint>
<constraint name="C434" arity="2" scope="V20 V26" reference="P0">
  <parameters>V20 V26</parameters>
</constraint>
<constraint name="C435" arity="2" scope="V20 V33" reference="P0">
  <parameters>V20 V33</parameters>
</constraint>
<constraint name="C436" arity="2" scope="V20 V45" reference="P0">
  <parameters>V20 V45</parameters>
</constraint>
<constraint name="C437" arity="2" scope="V20 V49" reference="P0">
  <parameters>V20 V49</parameters>
</constraint>
<constraint name="C438" arity="2" scope="V20 V50" reference="P0">
  <parameters>V20 V50</parameters>
</constraint>
<constraint name="C439" arity="2" scope="V20 V57" reference="P0">
  <parameters>V20 V57</parameters>
</constraint>
<constraint name="C440" arity="2" scope="V20 V69" reference="P0">
  <parameters>V20 V69</parameters>
</constraint>
<constraint name="C441" arity="2" scope="V20 V72" reference="P0">
  <parameters>V20 V72</parameters>
</constraint>
<constraint name="C442" arity="2" scope="V20 V73" reference="P0">
  <parameters>V20 V73</parameters>
</constraint>
<constraint name="C443" arity="2" scope="V20 V80" reference="P0">
  <parameters>V20 V80</parameters>
</constraint>
<constraint name="C444" arity="2" scope="V20 V92" reference="P0">
  <parameters>V20 V92</parameters>
</constraint>
<constraint name="C445" arity="2" scope="V21 V22" reference="P0">
  <parameters>V21 V22</parameters>
</constraint>
<constraint name="C446" arity="2" scope="V21 V28" reference="P0">
  <parameters>V21 V28</parameters>
</constraint>
<constraint name="C447" arity="2" scope="V21 V29" reference="P0">
  <parameters>V21 V29</parameters>
</constraint>
<constraint name="C448" arity="2" scope="V21 V30" reference="P0">
  <parameters>V21 V30</parameters>
</constraint>
<constraint name="C449" arity="2" scope="V21 V31" reference="P0">
  <parameters>V21 V31</parameters>
</constraint>
<constraint name="C450" arity="2" scope="V21 V32" reference="P0">
  <parameters>V21 V32</parameters>
</constraint>
<constraint name="C451" arity="2" scope="V21 V45" reference="P0">
  <parameters>V21 V45</parameters>
</constraint>
<constraint name="C452" arity="2" scope="V21 V52" reference="P0">
  <parameters>V21 V52</parameters>
</constraint>
<constraint name="C453" arity="2" scope="V21 V53" reference="P0">
  <parameters>V21 V53</parameters>
</constraint>
<constraint name="C454" arity="2" scope="V21 V54" reference="P0">
  <parameters>V21 V54</parameters>
</constraint>
<constraint name="C455" arity="2" scope="V21 V55" reference="P0">
  <parameters>V21 V55</parameters>
</constraint>
<constraint name="C456" arity="2" scope="V21 V56" reference="P0">
  <parameters>V21 V56</parameters>
</constraint>
<constraint name="C457" arity="2" scope="V21 V69" reference="P0">
  <parameters>V21 V69</parameters>
</constraint>
<constraint name="C458" arity="2" scope="V21 V75" reference="P0">
  <parameters>V21 V75</parameters>
</constraint>
<constraint name="C459" arity="2" scope="V21 V76" reference="P0">
  <parameters>V21 V76</parameters>
</constraint>
<constraint name="C460" arity="2" scope="V21 V77" reference="P0">
  <parameters>V21 V77</parameters>
</constraint>
<constraint name="C461" arity="2" scope="V21 V78" reference="P0">
  <parameters>V21 V78</parameters>
</constraint>
<constraint name="C462" arity="2" scope="V21 V79" reference="P0">
  <parameters>V21 V79</parameters>
</constraint>
<constraint name="C463" arity="2" scope="V21 V92" reference="P0">
  <parameters>V21 V92</parameters>
</constraint>
<constraint name="C464" arity="2" scope="V22 V34" reference="P0">
  <parameters>V22 V34</parameters>
</constraint>
<constraint name="C465" arity="2" scope="V22 V35" reference="P0">
  <parameters>V22 V35</parameters>
</constraint>
<constraint name="C466" arity="2" scope="V22 V36" reference="P0">
  <parameters>V22 V36</parameters>
</constraint>
<constraint name="C467" arity="2" scope="V22 V37" reference="P0">
  <parameters>V22 V37</parameters>
</constraint>
<constraint name="C468" arity="2" scope="V22 V38" reference="P0">
  <parameters>V22 V38</parameters>
</constraint>
<constraint name="C469" arity="2" scope="V22 V39" reference="P0">
  <parameters>V22 V39</parameters>
</constraint>
<constraint name="C470" arity="2" scope="V22 V40" reference="P0">
  <parameters>V22 V40</parameters>
</constraint>
<constraint name="C471" arity="2" scope="V22 V41" reference="P0">
  <parameters>V22 V41</parameters>
</constraint>
<constraint name="C472" arity="2" scope="V22 V42" reference="P0">
  <parameters>V22 V42</parameters>
</constraint>
<constraint name="C473" arity="2" scope="V22 V43" reference="P0">
  <parameters>V22 V43</parameters>
</constraint>
<constraint name="C474" arity="2" scope="V22 V44" reference="P0">
  <parameters>V22 V44</parameters>
</constraint>
<constraint name="C475" arity="2" scope="V22 V58" reference="P0">
  <parameters>V22 V58</parameters>
</constraint>
<constraint name="C476" arity="2" scope="V22 V59" reference="P0">
  <parameters>V22 V59</parameters>
</constraint>
<constraint name="C477" arity="2" scope="V22 V60" reference="P0">
  <parameters>V22 V60</parameters>
</constraint>
<constraint name="C478" arity="2" scope="V22 V61" reference="P0">
  <parameters>V22 V61</parameters>
</constraint>
<constraint name="C479" arity="2" scope="V22 V62" reference="P0">
  <parameters>V22 V62</parameters>
</constraint>
<constraint name="C480" arity="2" scope="V22 V63" reference="P0">
  <parameters>V22 V63</parameters>
</constraint>
<constraint name="C481" arity="2" scope="V22 V64" reference="P0">
  <parameters>V22 V64</parameters>
</constraint>
<constraint name="C482" arity="2" scope="V22 V65" reference="P0">
  <parameters>V22 V65</parameters>
</constraint>
<constraint name="C483" arity="2" scope="V22 V66" reference="P0">
  <parameters>V22 V66</parameters>
</constraint>
<constraint name="C484" arity="2" scope="V22 V67" reference="P0">
  <parameters>V22 V67</parameters>
</constraint>
<constraint name="C485" arity="2" scope="V22 V68" reference="P0">
  <parameters>V22 V68</parameters>
</constraint>
<constraint name="C486" arity="2" scope="V22 V81" reference="P0">
  <parameters>V22 V81</parameters>
</constraint>
<constraint name="C487" arity="2" scope="V22 V82" reference="P0">
  <parameters>V22 V82</parameters>
</constraint>
<constraint name="C488" arity="2" scope="V22 V83" reference="P0">
  <parameters>V22 V83</parameters>
</constraint>
<constraint name="C489" arity="2" scope="V22 V84" reference="P0">
  <parameters>V22 V84</parameters>
</constraint>
<constraint name="C490" arity="2" scope="V22 V85" reference="P0">
  <parameters>V22 V85</parameters>
</constraint>
<constraint name="C491" arity="2" scope="V22 V86" reference="P0">
  <parameters>V22 V86</parameters>
</constraint>
<constraint name="C492" arity="2" scope="V22 V87" reference="P0">
  <parameters>V22 V87</parameters>
</constraint>
<constraint name="C493" arity="2" scope="V22 V88" reference="P0">
  <parameters>V22 V88</parameters>
</constraint>
<constraint name="C494" arity="2" scope="V22 V89" reference="P0">
  <parameters>V22 V89</parameters>
</constraint>
<constraint name="C495" arity="2" scope="V22 V90" reference="P0">
  <parameters>V22 V90</parameters>
</constraint>
<constraint name="C496" arity="2" scope="V22 V91" reference="P0">
  <parameters>V22 V91</parameters>
</constraint>
<constraint name="C497" arity="2" scope="V23 V46" reference="P0">
  <parameters>V23 V46</parameters>
</constraint>
<constraint name="C498" arity="2" scope="V23 V48" reference="P0">
  <parameters>V23 V48</parameters>
</constraint>
<constraint name="C499" arity="2" scope="V23 V50" reference="P0">
  <parameters>V23 V50</parameters>
</constraint>
<constraint name="C500" arity="2" scope="V23 V53" reference="P0">
  <parameters>V23 V53</parameters>
</constraint>
<constraint name="C501" arity="2" scope="V23 V55" reference="P0">
  <parameters>V23 V55</parameters>
</constraint>
<constraint name="C502" arity="2" scope="V23 V59" reference="P0">
  <parameters>V23 V59</parameters>
</constraint>
<constraint name="C503" arity="2" scope="V23 V61" reference="P0">
  <parameters>V23 V61</parameters>
</constraint>
<constraint name="C504" arity="2" scope="V23 V64" reference="P0">
  <parameters>V23 V64</parameters>
</constraint>
<constraint name="C505" arity="2" scope="V23 V66" reference="P0">
  <parameters>V23 V66</parameters>
</constraint>
<constraint name="C506" arity="2" scope="V23 V93" reference="P0">
  <parameters>V23 V93</parameters>
</constraint>
<constraint name="C507" arity="2" scope="V24 V46" reference="P0">
  <parameters>V24 V46</parameters>
</constraint>
<constraint name="C508" arity="2" scope="V24 V47" reference="P0">
  <parameters>V24 V47</parameters>
</constraint>
<constraint name="C509" arity="2" scope="V24 V49" reference="P0">
  <parameters>V24 V49</parameters>
</constraint>
<constraint name="C510" arity="2" scope="V24 V52" reference="P0">
  <parameters>V24 V52</parameters>
</constraint>
<constraint name="C511" arity="2" scope="V24 V54" reference="P0">
  <parameters>V24 V54</parameters>
</constraint>
<constraint name="C512" arity="2" scope="V24 V58" reference="P0">
  <parameters>V24 V58</parameters>
</constraint>
<constraint name="C513" arity="2" scope="V24 V60" reference="P0">
  <parameters>V24 V60</parameters>
</constraint>
<constraint name="C514" arity="2" scope="V24 V63" reference="P0">
  <parameters>V24 V63</parameters>
</constraint>
<constraint name="C515" arity="2" scope="V24 V65" reference="P0">
  <parameters>V24 V65</parameters>
</constraint>
<constraint name="C516" arity="2" scope="V24 V93" reference="P0">
  <parameters>V24 V93</parameters>
</constraint>
<constraint name="C517" arity="2" scope="V25 V46" reference="P0">
  <parameters>V25 V46</parameters>
</constraint>
<constraint name="C518" arity="2" scope="V25 V48" reference="P0">
  <parameters>V25 V48</parameters>
</constraint>
<constraint name="C519" arity="2" scope="V25 V51" reference="P0">
  <parameters>V25 V51</parameters>
</constraint>
<constraint name="C520" arity="2" scope="V25 V53" reference="P0">
  <parameters>V25 V53</parameters>
</constraint>
<constraint name="C521" arity="2" scope="V25 V56" reference="P0">
  <parameters>V25 V56</parameters>
</constraint>
<constraint name="C522" arity="2" scope="V25 V59" reference="P0">
  <parameters>V25 V59</parameters>
</constraint>
<constraint name="C523" arity="2" scope="V25 V62" reference="P0">
  <parameters>V25 V62</parameters>
</constraint>
<constraint name="C524" arity="2" scope="V25 V64" reference="P0">
  <parameters>V25 V64</parameters>
</constraint>
<constraint name="C525" arity="2" scope="V25 V67" reference="P0">
  <parameters>V25 V67</parameters>
</constraint>
<constraint name="C526" arity="2" scope="V25 V93" reference="P0">
  <parameters>V25 V93</parameters>
</constraint>
<constraint name="C527" arity="2" scope="V26 V46" reference="P0">
  <parameters>V26 V46</parameters>
</constraint>
<constraint name="C528" arity="2" scope="V26 V47" reference="P0">
  <parameters>V26 V47</parameters>
</constraint>
<constraint name="C529" arity="2" scope="V26 V51" reference="P0">
  <parameters>V26 V51</parameters>
</constraint>
<constraint name="C530" arity="2" scope="V26 V52" reference="P0">
  <parameters>V26 V52</parameters>
</constraint>
<constraint name="C531" arity="2" scope="V26 V56" reference="P0">
  <parameters>V26 V56</parameters>
</constraint>
<constraint name="C532" arity="2" scope="V26 V58" reference="P0">
  <parameters>V26 V58</parameters>
</constraint>
<constraint name="C533" arity="2" scope="V26 V62" reference="P0">
  <parameters>V26 V62</parameters>
</constraint>
<constraint name="C534" arity="2" scope="V26 V63" reference="P0">
  <parameters>V26 V63</parameters>
</constraint>
<constraint name="C535" arity="2" scope="V26 V67" reference="P0">
  <parameters>V26 V67</parameters>
</constraint>
<constraint name="C536" arity="2" scope="V26 V93" reference="P0">
  <parameters>V26 V93</parameters>
</constraint>
<constraint name="C537" arity="2" scope="V27 V46" reference="P0">
  <parameters>V27 V46</parameters>
</constraint>
<constraint name="C538" arity="2" scope="V27 V49" reference="P0">
  <parameters>V27 V49</parameters>
</constraint>
<constraint name="C539" arity="2" scope="V27 V50" reference="P0">
  <parameters>V27 V50</parameters>
</constraint>
<constraint name="C540" arity="2" scope="V27 V54" reference="P0">
  <parameters>V27 V54</parameters>
</constraint>
<constraint name="C541" arity="2" scope="V27 V55" reference="P0">
  <parameters>V27 V55</parameters>
</constraint>
<constraint name="C542" arity="2" scope="V27 V60" reference="P0">
  <parameters>V27 V60</parameters>
</constraint>
<constraint name="C543" arity="2" scope="V27 V61" reference="P0">
  <parameters>V27 V61</parameters>
</constraint>
<constraint name="C544" arity="2" scope="V27 V65" reference="P0">
  <parameters>V27 V65</parameters>
</constraint>
<constraint name="C545" arity="2" scope="V27 V66" reference="P0">
  <parameters>V27 V66</parameters>
</constraint>
<constraint name="C546" arity="2" scope="V27 V93" reference="P0">
  <parameters>V27 V93</parameters>
</constraint>
<constraint name="C547" arity="2" scope="V28 V46" reference="P0">
  <parameters>V28 V46</parameters>
</constraint>
<constraint name="C548" arity="2" scope="V28 V48" reference="P0">
  <parameters>V28 V48</parameters>
</constraint>
<constraint name="C549" arity="2" scope="V28 V50" reference="P0">
  <parameters>V28 V50</parameters>
</constraint>
<constraint name="C550" arity="2" scope="V28 V57" reference="P0">
  <parameters>V28 V57</parameters>
</constraint>
<constraint name="C551" arity="2" scope="V28 V59" reference="P0">
  <parameters>V28 V59</parameters>
</constraint>
<constraint name="C552" arity="2" scope="V28 V61" reference="P0">
  <parameters>V28 V61</parameters>
</constraint>
<constraint name="C553" arity="2" scope="V28 V68" reference="P0">
  <parameters>V28 V68</parameters>
</constraint>
<constraint name="C554" arity="2" scope="V28 V93" reference="P0">
  <parameters>V28 V93</parameters>
</constraint>
<constraint name="C555" arity="2" scope="V29 V46" reference="P0">
  <parameters>V29 V46</parameters>
</constraint>
<constraint name="C556" arity="2" scope="V29 V47" reference="P0">
  <parameters>V29 V47</parameters>
</constraint>
<constraint name="C557" arity="2" scope="V29 V49" reference="P0">
  <parameters>V29 V49</parameters>
</constraint>
<constraint name="C558" arity="2" scope="V29 V57" reference="P0">
  <parameters>V29 V57</parameters>
</constraint>
<constraint name="C559" arity="2" scope="V29 V58" reference="P0">
  <parameters>V29 V58</parameters>
</constraint>
<constraint name="C560" arity="2" scope="V29 V60" reference="P0">
  <parameters>V29 V60</parameters>
</constraint>
<constraint name="C561" arity="2" scope="V29 V68" reference="P0">
  <parameters>V29 V68</parameters>
</constraint>
<constraint name="C562" arity="2" scope="V29 V93" reference="P0">
  <parameters>V29 V93</parameters>
</constraint>
<constraint name="C563" arity="2" scope="V30 V46" reference="P0">
  <parameters>V30 V46</parameters>
</constraint>
<constraint name="C564" arity="2" scope="V30 V48" reference="P0">
  <parameters>V30 V48</parameters>
</constraint>
<constraint name="C565" arity="2" scope="V30 V51" reference="P0">
  <parameters>V30 V51</parameters>
</constraint>
<constraint name="C566" arity="2" scope="V30 V57" reference="P0">
  <parameters>V30 V57</parameters>
</constraint>
<constraint name="C567" arity="2" scope="V30 V59" reference="P0">
  <parameters>V30 V59</parameters>
</constraint>
<constraint name="C568" arity="2" scope="V30 V62" reference="P0">
  <parameters>V30 V62</parameters>
</constraint>
<constraint name="C569" arity="2" scope="V30 V68" reference="P0">
  <parameters>V30 V68</parameters>
</constraint>
<constraint name="C570" arity="2" scope="V30 V93" reference="P0">
  <parameters>V30 V93</parameters>
</constraint>
<constraint name="C571" arity="2" scope="V31 V46" reference="P0">
  <parameters>V31 V46</parameters>
</constraint>
<constraint name="C572" arity="2" scope="V31 V47" reference="P0">
  <parameters>V31 V47</parameters>
</constraint>
<constraint name="C573" arity="2" scope="V31 V51" reference="P0">
  <parameters>V31 V51</parameters>
</constraint>
<constraint name="C574" arity="2" scope="V31 V57" reference="P0">
  <parameters>V31 V57</parameters>
</constraint>
<constraint name="C575" arity="2" scope="V31 V58" reference="P0">
  <parameters>V31 V58</parameters>
</constraint>
<constraint name="C576" arity="2" scope="V31 V62" reference="P0">
  <parameters>V31 V62</parameters>
</constraint>
<constraint name="C577" arity="2" scope="V31 V68" reference="P0">
  <parameters>V31 V68</parameters>
</constraint>
<constraint name="C578" arity="2" scope="V31 V93" reference="P0">
  <parameters>V31 V93</parameters>
</constraint>
<constraint name="C579" arity="2" scope="V32 V46" reference="P0">
  <parameters>V32 V46</parameters>
</constraint>
<constraint name="C580" arity="2" scope="V32 V49" reference="P0">
  <parameters>V32 V49</parameters>
</constraint>
<constraint name="C581" arity="2" scope="V32 V50" reference="P0">
  <parameters>V32 V50</parameters>
</constraint>
<constraint name="C582" arity="2" scope="V32 V57" reference="P0">
  <parameters>V32 V57</parameters>
</constraint>
<constraint name="C583" arity="2" scope="V32 V60" reference="P0">
  <parameters>V32 V60</parameters>
</constraint>
<constraint name="C584" arity="2" scope="V32 V61" reference="P0">
  <parameters>V32 V61</parameters>
</constraint>
<constraint name="C585" arity="2" scope="V32 V68" reference="P0">
  <parameters>V32 V68</parameters>
</constraint>
<constraint name="C586" arity="2" scope="V32 V93" reference="P0">
  <parameters>V32 V93</parameters>
</constraint>
<constraint name="C587" arity="2" scope="V33 V46" reference="P0">
  <parameters>V33 V46</parameters>
</constraint>
<constraint name="C588" arity="2" scope="V33 V52" reference="P0">
  <parameters>V33 V52</parameters>
</constraint>
<constraint name="C589" arity="2" scope="V33 V53" reference="P0">
  <parameters>V33 V53</parameters>
</constraint>
<constraint name="C590" arity="2" scope="V33 V54" reference="P0">
  <parameters>V33 V54</parameters>
</constraint>
<constraint name="C591" arity="2" scope="V33 V55" reference="P0">
  <parameters>V33 V55</parameters>
</constraint>
<constraint name="C592" arity="2" scope="V33 V56" reference="P0">
  <parameters>V33 V56</parameters>
</constraint>
<constraint name="C593" arity="2" scope="V33 V63" reference="P0">
  <parameters>V33 V63</parameters>
</constraint>
<constraint name="C594" arity="2" scope="V33 V64" reference="P0">
  <parameters>V33 V64</parameters>
</constraint>
<constraint name="C595" arity="2" scope="V33 V65" reference="P0">
  <parameters>V33 V65</parameters>
</constraint>
<constraint name="C596" arity="2" scope="V33 V66" reference="P0">
  <parameters>V33 V66</parameters>
</constraint>
<constraint name="C597" arity="2" scope="V33 V67" reference="P0">
  <parameters>V33 V67</parameters>
</constraint>
<constraint name="C598" arity="2" scope="V33 V93" reference="P0">
  <parameters>V33 V93</parameters>
</constraint>
<constraint name="C599" arity="2" scope="V34 V46" reference="P0">
  <parameters>V34 V46</parameters>
</constraint>
<constraint name="C600" arity="2" scope="V34 V48" reference="P0">
  <parameters>V34 V48</parameters>
</constraint>
<constraint name="C601" arity="2" scope="V34 V50" reference="P0">
  <parameters>V34 V50</parameters>
</constraint>
<constraint name="C602" arity="2" scope="V34 V53" reference="P0">
  <parameters>V34 V53</parameters>
</constraint>
<constraint name="C603" arity="2" scope="V34 V55" reference="P0">
  <parameters>V34 V55</parameters>
</constraint>
<constraint name="C604" arity="2" scope="V34 V69" reference="P0">
  <parameters>V34 V69</parameters>
</constraint>
<constraint name="C605" arity="2" scope="V34 V93" reference="P0">
  <parameters>V34 V93</parameters>
</constraint>
<constraint name="C606" arity="2" scope="V35 V46" reference="P0">
  <parameters>V35 V46</parameters>
</constraint>
<constraint name="C607" arity="2" scope="V35 V47" reference="P0">
  <parameters>V35 V47</parameters>
</constraint>
<constraint name="C608" arity="2" scope="V35 V49" reference="P0">
  <parameters>V35 V49</parameters>
</constraint>
<constraint name="C609" arity="2" scope="V35 V52" reference="P0">
  <parameters>V35 V52</parameters>
</constraint>
<constraint name="C610" arity="2" scope="V35 V54" reference="P0">
  <parameters>V35 V54</parameters>
</constraint>
<constraint name="C611" arity="2" scope="V35 V69" reference="P0">
  <parameters>V35 V69</parameters>
</constraint>
<constraint name="C612" arity="2" scope="V35 V93" reference="P0">
  <parameters>V35 V93</parameters>
</constraint>
<constraint name="C613" arity="2" scope="V36 V46" reference="P0">
  <parameters>V36 V46</parameters>
</constraint>
<constraint name="C614" arity="2" scope="V36 V48" reference="P0">
  <parameters>V36 V48</parameters>
</constraint>
<constraint name="C615" arity="2" scope="V36 V51" reference="P0">
  <parameters>V36 V51</parameters>
</constraint>
<constraint name="C616" arity="2" scope="V36 V53" reference="P0">
  <parameters>V36 V53</parameters>
</constraint>
<constraint name="C617" arity="2" scope="V36 V56" reference="P0">
  <parameters>V36 V56</parameters>
</constraint>
<constraint name="C618" arity="2" scope="V36 V69" reference="P0">
  <parameters>V36 V69</parameters>
</constraint>
<constraint name="C619" arity="2" scope="V36 V93" reference="P0">
  <parameters>V36 V93</parameters>
</constraint>
<constraint name="C620" arity="2" scope="V37 V46" reference="P0">
  <parameters>V37 V46</parameters>
</constraint>
<constraint name="C621" arity="2" scope="V37 V47" reference="P0">
  <parameters>V37 V47</parameters>
</constraint>
<constraint name="C622" arity="2" scope="V37 V51" reference="P0">
  <parameters>V37 V51</parameters>
</constraint>
<constraint name="C623" arity="2" scope="V37 V52" reference="P0">
  <parameters>V37 V52</parameters>
</constraint>
<constraint name="C624" arity="2" scope="V37 V56" reference="P0">
  <parameters>V37 V56</parameters>
</constraint>
<constraint name="C625" arity="2" scope="V37 V69" reference="P0">
  <parameters>V37 V69</parameters>
</constraint>
<constraint name="C626" arity="2" scope="V37 V93" reference="P0">
  <parameters>V37 V93</parameters>
</constraint>
<constraint name="C627" arity="2" scope="V38 V46" reference="P0">
  <parameters>V38 V46</parameters>
</constraint>
<constraint name="C628" arity="2" scope="V38 V49" reference="P0">
  <parameters>V38 V49</parameters>
</constraint>
<constraint name="C629" arity="2" scope="V38 V50" reference="P0">
  <parameters>V38 V50</parameters>
</constraint>
<constraint name="C630" arity="2" scope="V38 V54" reference="P0">
  <parameters>V38 V54</parameters>
</constraint>
<constraint name="C631" arity="2" scope="V38 V55" reference="P0">
  <parameters>V38 V55</parameters>
</constraint>
<constraint name="C632" arity="2" scope="V38 V69" reference="P0">
  <parameters>V38 V69</parameters>
</constraint>
<constraint name="C633" arity="2" scope="V38 V93" reference="P0">
  <parameters>V38 V93</parameters>
</constraint>
<constraint name="C634" arity="2" scope="V39 V46" reference="P0">
  <parameters>V39 V46</parameters>
</constraint>
<constraint name="C635" arity="2" scope="V39 V48" reference="P0">
  <parameters>V39 V48</parameters>
</constraint>
<constraint name="C636" arity="2" scope="V39 V50" reference="P0">
  <parameters>V39 V50</parameters>
</constraint>
<constraint name="C637" arity="2" scope="V39 V57" reference="P0">
  <parameters>V39 V57</parameters>
</constraint>
<constraint name="C638" arity="2" scope="V39 V69" reference="P0">
  <parameters>V39 V69</parameters>
</constraint>
<constraint name="C639" arity="2" scope="V39 V93" reference="P0">
  <parameters>V39 V93</parameters>
</constraint>
<constraint name="C640" arity="2" scope="V40 V46" reference="P0">
  <parameters>V40 V46</parameters>
</constraint>
<constraint name="C641" arity="2" scope="V40 V47" reference="P0">
  <parameters>V40 V47</parameters>
</constraint>
<constraint name="C642" arity="2" scope="V40 V49" reference="P0">
  <parameters>V40 V49</parameters>
</constraint>
<constraint name="C643" arity="2" scope="V40 V57" reference="P0">
  <parameters>V40 V57</parameters>
</constraint>
<constraint name="C644" arity="2" scope="V40 V69" reference="P0">
  <parameters>V40 V69</parameters>
</constraint>
<constraint name="C645" arity="2" scope="V40 V93" reference="P0">
  <parameters>V40 V93</parameters>
</constraint>
<constraint name="C646" arity="2" scope="V41 V46" reference="P0">
  <parameters>V41 V46</parameters>
</constraint>
<constraint name="C647" arity="2" scope="V41 V48" reference="P0">
  <parameters>V41 V48</parameters>
</constraint>
<constraint name="C648" arity="2" scope="V41 V51" reference="P0">
  <parameters>V41 V51</parameters>
</constraint>
<constraint name="C649" arity="2" scope="V41 V57" reference="P0">
  <parameters>V41 V57</parameters>
</constraint>
<constraint name="C650" arity="2" scope="V41 V69" reference="P0">
  <parameters>V41 V69</parameters>
</constraint>
<constraint name="C651" arity="2" scope="V41 V93" reference="P0">
  <parameters>V41 V93</parameters>
</constraint>
<constraint name="C652" arity="2" scope="V42 V46" reference="P0">
  <parameters>V42 V46</parameters>
</constraint>
<constraint name="C653" arity="2" scope="V42 V47" reference="P0">
  <parameters>V42 V47</parameters>
</constraint>
<constraint name="C654" arity="2" scope="V42 V51" reference="P0">
  <parameters>V42 V51</parameters>
</constraint>
<constraint name="C655" arity="2" scope="V42 V57" reference="P0">
  <parameters>V42 V57</parameters>
</constraint>
<constraint name="C656" arity="2" scope="V42 V69" reference="P0">
  <parameters>V42 V69</parameters>
</constraint>
<constraint name="C657" arity="2" scope="V42 V93" reference="P0">
  <parameters>V42 V93</parameters>
</constraint>
<constraint name="C658" arity="2" scope="V43 V46" reference="P0">
  <parameters>V43 V46</parameters>
</constraint>
<constraint name="C659" arity="2" scope="V43 V49" reference="P0">
  <parameters>V43 V49</parameters>
</constraint>
<constraint name="C660" arity="2" scope="V43 V50" reference="P0">
  <parameters>V43 V50</parameters>
</constraint>
<constraint name="C661" arity="2" scope="V43 V57" reference="P0">
  <parameters>V43 V57</parameters>
</constraint>
<constraint name="C662" arity="2" scope="V43 V69" reference="P0">
  <parameters>V43 V69</parameters>
</constraint>
<constraint name="C663" arity="2" scope="V43 V93" reference="P0">
  <parameters>V43 V93</parameters>
</constraint>
<constraint name="C664" arity="2" scope="V44 V46" reference="P0">
  <parameters>V44 V46</parameters>
</constraint>
<constraint name="C665" arity="2" scope="V44 V52" reference="P0">
  <parameters>V44 V52</parameters>
</constraint>
<constraint name="C666" arity="2" scope="V44 V53" reference="P0">
  <parameters>V44 V53</parameters>
</constraint>
<constraint name="C667" arity="2" scope="V44 V54" reference="P0">
  <parameters>V44 V54</parameters>
</constraint>
<constraint name="C668" arity="2" scope="V44 V55" reference="P0">
  <parameters>V44 V55</parameters>
</constraint>
<constraint name="C669" arity="2" scope="V44 V56" reference="P0">
  <parameters>V44 V56</parameters>
</constraint>
<constraint name="C670" arity="2" scope="V44 V69" reference="P0">
  <parameters>V44 V69</parameters>
</constraint>
<constraint name="C671" arity="2" scope="V44 V93" reference="P0">
  <parameters>V44 V93</parameters>
</constraint>
<constraint name="C672" arity="2" scope="V45 V46" reference="P0">
  <parameters>V45 V46</parameters>
</constraint>
<constraint name="C673" arity="2" scope="V45 V58" reference="P0">
  <parameters>V45 V58</parameters>
</constraint>
<constraint name="C674" arity="2" scope="V45 V59" reference="P0">
  <parameters>V45 V59</parameters>
</constraint>
<constraint name="C675" arity="2" scope="V45 V60" reference="P0">
  <parameters>V45 V60</parameters>
</constraint>
<constraint name="C676" arity="2" scope="V45 V61" reference="P0">
  <parameters>V45 V61</parameters>
</constraint>
<constraint name="C677" arity="2" scope="V45 V62" reference="P0">
  <parameters>V45 V62</parameters>
</constraint>
<constraint name="C678" arity="2" scope="V45 V63" reference="P0">
  <parameters>V45 V63</parameters>
</constraint>
<constraint name="C679" arity="2" scope="V45 V64" reference="P0">
  <parameters>V45 V64</parameters>
</constraint>
<constraint name="C680" arity="2" scope="V45 V65" reference="P0">
  <parameters>V45 V65</parameters>
</constraint>
<constraint name="C681" arity="2" scope="V45 V66" reference="P0">
  <parameters>V45 V66</parameters>
</constraint>
<constraint name="C682" arity="2" scope="V45 V67" reference="P0">
  <parameters>V45 V67</parameters>
</constraint>
<constraint name="C683" arity="2" scope="V45 V68" reference="P0">
  <parameters>V45 V68</parameters>
</constraint>
<constraint name="C684" arity="2" scope="V45 V93" reference="P0">
  <parameters>V45 V93</parameters>
</constraint>
<constraint name="C685" arity="2" scope="V46 V70" reference="P0">
  <parameters>V46 V70</parameters>
</constraint>
<constraint name="C686" arity="2" scope="V46 V71" reference="P0">
  <parameters>V46 V71</parameters>
</constraint>
<constraint name="C687" arity="2" scope="V46 V72" reference="P0">
  <parameters>V46 V72</parameters>
</constraint>
<constraint name="C688" arity="2" scope="V46 V73" reference="P0">
  <parameters>V46 V73</parameters>
</constraint>
<constraint name="C689" arity="2" scope="V46 V74" reference="P0">
  <parameters>V46 V74</parameters>
</constraint>
<constraint name="C690" arity="2" scope="V46 V75" reference="P0">
  <parameters>V46 V75</parameters>
</constraint>
<constraint name="C691" arity="2" scope="V46 V76" reference="P0">
  <parameters>V46 V76</parameters>
</constraint>
<constraint name="C692" arity="2" scope="V46 V77" reference="P0">
  <parameters>V46 V77</parameters>
</constraint>
<constraint name="C693" arity="2" scope="V46 V78" reference="P0">
  <parameters>V46 V78</parameters>
</constraint>
<constraint name="C694" arity="2" scope="V46 V79" reference="P0">
  <parameters>V46 V79</parameters>
</constraint>
<constraint name="C695" arity="2" scope="V46 V80" reference="P0">
  <parameters>V46 V80</parameters>
</constraint>
<constraint name="C696" arity="2" scope="V46 V81" reference="P0">
  <parameters>V46 V81</parameters>
</constraint>
<constraint name="C697" arity="2" scope="V46 V82" reference="P0">
  <parameters>V46 V82</parameters>
</constraint>
<constraint name="C698" arity="2" scope="V46 V83" reference="P0">
  <parameters>V46 V83</parameters>
</constraint>
<constraint name="C699" arity="2" scope="V46 V84" reference="P0">
  <parameters>V46 V84</parameters>
</constraint>
<constraint name="C700" arity="2" scope="V46 V85" reference="P0">
  <parameters>V46 V85</parameters>
</constraint>
<constraint name="C701" arity="2" scope="V46 V86" reference="P0">
  <parameters>V46 V86</parameters>
</constraint>
<constraint name="C702" arity="2" scope="V46 V87" reference="P0">
  <parameters>V46 V87</parameters>
</constraint>
<constraint name="C703" arity="2" scope="V46 V88" reference="P0">
  <parameters>V46 V88</parameters>
</constraint>
<constraint name="C704" arity="2" scope="V46 V89" reference="P0">
  <parameters>V46 V89</parameters>
</constraint>
<constraint name="C705" arity="2" scope="V46 V90" reference="P0">
  <parameters>V46 V90</parameters>
</constraint>
<constraint name="C706" arity="2" scope="V46 V91" reference="P0">
  <parameters>V46 V91</parameters>
</constraint>
<constraint name="C707" arity="2" scope="V46 V92" reference="P0">
  <parameters>V46 V92</parameters>
</constraint>
<constraint name="C708" arity="2" scope="V47 V94" reference="P0">
  <parameters>V47 V94</parameters>
</constraint>
<constraint name="C709" arity="2" scope="V48 V94" reference="P0">
  <parameters>V48 V94</parameters>
</constraint>
<constraint name="C710" arity="2" scope="V49 V94" reference="P0">
  <parameters>V49 V94</parameters>
</constraint>
<constraint name="C711" arity="2" scope="V50 V94" reference="P0">
  <parameters>V50 V94</parameters>
</constraint>
<constraint name="C712" arity="2" scope="V51 V94" reference="P0">
  <parameters>V51 V94</parameters>
</constraint>
<constraint name="C713" arity="2" scope="V52 V94" reference="P0">
  <parameters>V52 V94</parameters>
</constraint>
<constraint name="C714" arity="2" scope="V53 V94" reference="P0">
  <parameters>V53 V94</parameters>
</constraint>
<constraint name="C715" arity="2" scope="V54 V94" reference="P0">
  <parameters>V54 V94</parameters>
</constraint>
<constraint name="C716" arity="2" scope="V55 V94" reference="P0">
  <parameters>V55 V94</parameters>
</constraint>
<constraint name="C717" arity="2" scope="V56 V94" reference="P0">
  <parameters>V56 V94</parameters>
</constraint>
<constraint name="C718" arity="2" scope="V57 V94" reference="P0">
  <parameters>V57 V94</parameters>
</constraint>
<constraint name="C719" arity="2" scope="V58 V94" reference="P0">
  <parameters>V58 V94</parameters>
</constraint>
<constraint name="C720" arity="2" scope="V59 V94" reference="P0">
  <parameters>V59 V94</parameters>
</constraint>
<constraint name="C721" arity="2" scope="V60 V94" reference="P0">
  <parameters>V60 V94</parameters>
</constraint>
<constraint name="C722" arity="2" scope="V61 V94" reference="P0">
  <parameters>V61 V94</parameters>
</constraint>
<constraint name="C723" arity="2" scope="V62 V94" reference="P0">
  <parameters>V62 V94</parameters>
</constraint>
<constraint name="C724" arity="2" scope="V63 V94" reference="P0">
  <parameters>V63 V94</parameters>
</constraint>
<constraint name="C725" arity="2" scope="V64 V94" reference="P0">
  <parameters>V64 V94</parameters>
</constraint>
<constraint name="C726" arity="2" scope="V65 V94" reference="P0">
  <parameters>V65 V94</parameters>
</constraint>
<constraint name="C727" arity="2" scope="V66 V94" reference="P0">
  <parameters>V66 V94</parameters>
</constraint>
<constraint name="C728" arity="2" scope="V67 V94" reference="P0">
  <parameters>V67 V94</parameters>
</constraint>
<constraint name="C729" arity="2" scope="V68 V94" reference="P0">
  <parameters>V68 V94</parameters>
</constraint>
<constraint name="C730" arity="2" scope="V69 V94" reference="P0">
  <parameters>V69 V94</parameters>
</constraint>
<constraint name="C731" arity="2" scope="V70 V94" reference="P0">
  <parameters>V70 V94</parameters>
</constraint>
<constraint name="C732" arity="2" scope="V71 V94" reference="P0">
  <parameters>V71 V94</parameters>
</constraint>
<constraint name="C733" arity="2" scope="V72 V94" reference="P0">
  <parameters>V72 V94</parameters>
</constraint>
<constraint name="C734" arity="2" scope="V73 V94" reference="P0">
  <parameters>V73 V94</parameters>
</constraint>
<constraint name="C735" arity="2" scope="V74 V94" reference="P0">
  <parameters>V74 V94</parameters>
</constraint>
<constraint name="C736" arity="2" scope="V75 V94" reference="P0">
  <parameters>V75 V94</parameters>
</constraint>
<constraint name="C737" arity="2" scope="V76 V94" reference="P0">
  <parameters>V76 V94</parameters>
</constraint>
<constraint name="C738" arity="2" scope="V77 V94" reference="P0">
  <parameters>V77 V94</parameters>
</constraint>
<constraint name="C739" arity="2" scope="V78 V94" reference="P0">
  <parameters>V78 V94</parameters>
</constraint>
<constraint name="C740" arity="2" scope="V79 V94" reference="P0">
  <parameters>V79 V94</parameters>
</constraint>
<constraint name="C741" arity="2" scope="V80 V94" reference="P0">
  <parameters>V80 V94</parameters>
</constraint>
<constraint name="C742" arity="2" scope="V81 V94" reference="P0">
  <parameters>V81 V94</parameters>
</constraint>
<constraint name="C743" arity="2" scope="V82 V94" reference="P0">
  <parameters>V82 V94</parameters>
</constraint>
<constraint name="C744" arity="2" scope="V83 V94" reference="P0">
  <parameters>V83 V94</parameters>
</constraint>
<constraint name="C745" arity="2" scope="V84 V94" reference="P0">
  <parameters>V84 V94</parameters>
</constraint>
<constraint name="C746" arity="2" scope="V85 V94" reference="P0">
  <parameters>V85 V94</parameters>
</constraint>
<constraint name="C747" arity="2" scope="V86 V94" reference="P0">
  <parameters>V86 V94</parameters>
</constraint>
<constraint name="C748" arity="2" scope="V87 V94" reference="P0">
  <parameters>V87 V94</parameters>
</constraint>
<constraint name="C749" arity="2" scope="V88 V94" reference="P0">
  <parameters>V88 V94</parameters>
</constraint>
<constraint name="C750" arity="2" scope="V89 V94" reference="P0">
  <parameters>V89 V94</parameters>
</constraint>
<constraint name="C751" arity="2" scope="V90 V94" reference="P0">
  <parameters>V90 V94</parameters>
</constraint>
<constraint name="C752" arity="2" scope="V91 V94" reference="P0">
  <parameters>V91 V94</parameters>
</constraint>
<constraint name="C753" arity="2" scope="V92 V94" reference="P0">
  <parameters>V92 V94</parameters>
</constraint>
<constraint name="C754" arity="2" scope="V93 V94" reference="P0">
  <parameters>V93 V94</parameters>
</constraint>
</constraints>
</instance>
