<?xml version="1.0" encoding="UTF-8"?>

<instance>
<presentation name="?" maxConstraintArity="2" format="XCSP 2.0"/>

<domains nbDomains="1">
<domain name="D0" nbValues="5">0..4</domain>
</domains>

<variables nbVariables="23">
<variable name="V0" domain="D0"/>
<variable name="V1" domain="D0"/>
<variable name="V2" domain="D0"/>
<variable name="V3" domain="D0"/>
<variable name="V4" domain="D0"/>
<variable name="V5" domain="D0"/>
<variable name="V6" domain="D0"/>
<variable name="V7" domain="D0"/>
<variable name="V8" domain="D0"/>
<variable name="V9" domain="D0"/>
<variable name="V10" domain="D0"/>
<variable name="V11" domain="D0"/>
<variable name="V12" domain="D0"/>
<variable name="V13" domain="D0"/>
<variable name="V14" domain="D0"/>
<variable name="V15" domain="D0"/>
<variable name="V16" domain="D0"/>
<variable name="V17" domain="D0"/>
<variable name="V18" domain="D0"/>
<variable name="V19" domain="D0"/>
<variable name="V20" domain="D0"/>
<variable name="V21" domain="D0"/>
<variable name="V22" domain="D0"/>
</variables>

<predicates nbPredicates="1">
<predicate name="P0">
  <parameters>int X0 int X1</parameters>
  <expression> 
    <functional>ne(X0,X1)</functional>
  </expression>
</predicate>
</predicates>

<constraints nbConstraints="71">
<constraint name="C0" arity="2" scope="V0 V1" reference="P0">
  <parameters>V0 V1</parameters>
</constraint>
<constraint name="C1" arity="2" scope="V0 V3" reference="P0">
  <parameters>V0 V3</parameters>
</constraint>
<constraint name="C2" arity="2" scope="V0 V6" reference="P0">
  <parameters>V0 V6</parameters>
</constraint>
<constraint name="C3" arity="2" scope="V0 V8" reference="P0">
  <parameters>V0 V8</parameters>
</constraint>
<constraint name="C4" arity="2" scope="V0 V12" reference="P0">
  <parameters>V0 V12</parameters>
</constraint>
<constraint name="C5" arity="2" scope="V0 V14" reference="P0">
  <parameters>V0 V14</parameters>
</constraint>
<constraint name="C6" arity="2" scope="V0 V17" reference="P0">
  <parameters>V0 V17</parameters>
</constraint>
<constraint name="C7" arity="2" scope="V0 V19" reference="P0">
  <parameters>V0 V19</parameters>
</constraint>
<constraint name="C8" arity="2" scope="V1 V2" reference="P0">
  <parameters>V1 V2</parameters>
</constraint>
<constraint name="C9" arity="2" scope="V1 V5" reference="P0">
  <parameters>V1 V5</parameters>
</constraint>
<constraint name="C10" arity="2" scope="V1 V7" reference="P0">
  <parameters>V1 V7</parameters>
</constraint>
<constraint name="C11" arity="2" scope="V1 V11" reference="P0">
  <parameters>V1 V11</parameters>
</constraint>
<constraint name="C12" arity="2" scope="V1 V13" reference="P0">
  <parameters>V1 V13</parameters>
</constraint>
<constraint name="C13" arity="2" scope="V1 V16" reference="P0">
  <parameters>V1 V16</parameters>
</constraint>
<constraint name="C14" arity="2" scope="V1 V18" reference="P0">
  <parameters>V1 V18</parameters>
</constraint>
<constraint name="C15" arity="2" scope="V2 V4" reference="P0">
  <parameters>V2 V4</parameters>
</constraint>
<constraint name="C16" arity="2" scope="V2 V6" reference="P0">
  <parameters>V2 V6</parameters>
</constraint>
<constraint name="C17" arity="2" scope="V2 V9" reference="P0">
  <parameters>V2 V9</parameters>
</constraint>
<constraint name="C18" arity="2" scope="V2 V12" reference="P0">
  <parameters>V2 V12</parameters>
</constraint>
<constraint name="C19" arity="2" scope="V2 V15" reference="P0">
  <parameters>V2 V15</parameters>
</constraint>
<constraint name="C20" arity="2" scope="V2 V17" reference="P0">
  <parameters>V2 V17</parameters>
</constraint>
<constraint name="C21" arity="2" scope="V2 V20" reference="P0">
  <parameters>V2 V20</parameters>
</constraint>
<constraint name="C22" arity="2" scope="V3 V4" reference="P0">
  <parameters>V3 V4</parameters>
</constraint>
<constraint name="C23" arity="2" scope="V3 V5" reference="P0">
  <parameters>V3 V5</parameters>
</constraint>
<constraint name="C24" arity="2" scope="V3 V9" reference="P0">
  <parameters>V3 V9</parameters>
</constraint>
<constraint name="C25" arity="2" scope="V3 V11" reference="P0">
  <parameters>V3 V11</parameters>
</constraint>
<constraint name="C26" arity="2" scope="V3 V15" reference="P0">
  <parameters>V3 V15</parameters>
</constraint>
<constraint name="C27" arity="2" scope="V3 V16" reference="P0">
  <parameters>V3 V16</parameters>
</constraint>
<constraint name="C28" arity="2" scope="V3 V20" reference="P0">
  <parameters>V3 V20</parameters>
</constraint>
<constraint name="C29" arity="2" scope="V4 V7" reference="P0">
  <parameters>V4 V7</parameters>
</constraint>
<constraint name="C30" arity="2" scope="V4 V8" reference="P0">
  <parameters>V4 V8</parameters>
</constraint>
<constraint name="C31" arity="2" scope="V4 V13" reference="P0">
  <parameters>V4 V13</parameters>
</constraint>
<constraint name="C32" arity="2" scope="V4 V14" reference="P0">
  <parameters>V4 V14</parameters>
</constraint>
<constraint name="C33" arity="2" scope="V4 V18" reference="P0">
  <parameters>V4 V18</parameters>
</constraint>
<constraint name="C34" arity="2" scope="V4 V19" reference="P0">
  <parameters>V4 V19</parameters>
</constraint>
<constraint name="C35" arity="2" scope="V5 V10" reference="P0">
  <parameters>V5 V10</parameters>
</constraint>
<constraint name="C36" arity="2" scope="V5 V12" reference="P0">
  <parameters>V5 V12</parameters>
</constraint>
<constraint name="C37" arity="2" scope="V5 V14" reference="P0">
  <parameters>V5 V14</parameters>
</constraint>
<constraint name="C38" arity="2" scope="V5 V21" reference="P0">
  <parameters>V5 V21</parameters>
</constraint>
<constraint name="C39" arity="2" scope="V6 V10" reference="P0">
  <parameters>V6 V10</parameters>
</constraint>
<constraint name="C40" arity="2" scope="V6 V11" reference="P0">
  <parameters>V6 V11</parameters>
</constraint>
<constraint name="C41" arity="2" scope="V6 V13" reference="P0">
  <parameters>V6 V13</parameters>
</constraint>
<constraint name="C42" arity="2" scope="V6 V21" reference="P0">
  <parameters>V6 V21</parameters>
</constraint>
<constraint name="C43" arity="2" scope="V7 V10" reference="P0">
  <parameters>V7 V10</parameters>
</constraint>
<constraint name="C44" arity="2" scope="V7 V12" reference="P0">
  <parameters>V7 V12</parameters>
</constraint>
<constraint name="C45" arity="2" scope="V7 V15" reference="P0">
  <parameters>V7 V15</parameters>
</constraint>
<constraint name="C46" arity="2" scope="V7 V21" reference="P0">
  <parameters>V7 V21</parameters>
</constraint>
<constraint name="C47" arity="2" scope="V8 V10" reference="P0">
  <parameters>V8 V10</parameters>
</constraint>
<constraint name="C48" arity="2" scope="V8 V11" reference="P0">
  <parameters>V8 V11</parameters>
</constraint>
<constraint name="C49" arity="2" scope="V8 V15" reference="P0">
  <parameters>V8 V15</parameters>
</constraint>
<constraint name="C50" arity="2" scope="V8 V21" reference="P0">
  <parameters>V8 V21</parameters>
</constraint>
<constraint name="C51" arity="2" scope="V9 V10" reference="P0">
  <parameters>V9 V10</parameters>
</constraint>
<constraint name="C52" arity="2" scope="V9 V13" reference="P0">
  <parameters>V9 V13</parameters>
</constraint>
<constraint name="C53" arity="2" scope="V9 V14" reference="P0">
  <parameters>V9 V14</parameters>
</constraint>
<constraint name="C54" arity="2" scope="V9 V21" reference="P0">
  <parameters>V9 V21</parameters>
</constraint>
<constraint name="C55" arity="2" scope="V10 V16" reference="P0">
  <parameters>V10 V16</parameters>
</constraint>
<constraint name="C56" arity="2" scope="V10 V17" reference="P0">
  <parameters>V10 V17</parameters>
</constraint>
<constraint name="C57" arity="2" scope="V10 V18" reference="P0">
  <parameters>V10 V18</parameters>
</constraint>
<constraint name="C58" arity="2" scope="V10 V19" reference="P0">
  <parameters>V10 V19</parameters>
</constraint>
<constraint name="C59" arity="2" scope="V10 V20" reference="P0">
  <parameters>V10 V20</parameters>
</constraint>
<constraint name="C60" arity="2" scope="V11 V22" reference="P0">
  <parameters>V11 V22</parameters>
</constraint>
<constraint name="C61" arity="2" scope="V12 V22" reference="P0">
  <parameters>V12 V22</parameters>
</constraint>
<constraint name="C62" arity="2" scope="V13 V22" reference="P0">
  <parameters>V13 V22</parameters>
</constraint>
<constraint name="C63" arity="2" scope="V14 V22" reference="P0">
  <parameters>V14 V22</parameters>
</constraint>
<constraint name="C64" arity="2" scope="V15 V22" reference="P0">
  <parameters>V15 V22</parameters>
</constraint>
<constraint name="C65" arity="2" scope="V16 V22" reference="P0">
  <parameters>V16 V22</parameters>
</constraint>
<constraint name="C66" arity="2" scope="V17 V22" reference="P0">
  <parameters>V17 V22</parameters>
</constraint>
<constraint name="C67" arity="2" scope="V18 V22" reference="P0">
  <parameters>V18 V22</parameters>
</constraint>
<constraint name="C68" arity="2" scope="V19 V22" reference="P0">
  <parameters>V19 V22</parameters>
</constraint>
<constraint name="C69" arity="2" scope="V20 V22" reference="P0">
  <parameters>V20 V22</parameters>
</constraint>
<constraint name="C70" arity="2" scope="V21 V22" reference="P0">
  <parameters>V21 V22</parameters>
</constraint>
</constraints>
</instance>
